/*
 Navicat Premium Data Transfer

 Source Server         : localhost
 Source Server Type    : MySQL
 Source Server Version : 100130
 Source Host           : localhost:3306
 Source Schema         : lara-restapi

 Target Server Type    : MySQL
 Target Server Version : 100130
 File Encoding         : 65001

 Date: 29/07/2018 13:19:00
*/

SET NAMES utf8mb4;
SET FOREIGN_KEY_CHECKS = 0;

-- ----------------------------
-- Table structure for migrations
-- ----------------------------
DROP TABLE IF EXISTS `migrations`;
CREATE TABLE `migrations`  (
  `id` int(10) UNSIGNED NOT NULL AUTO_INCREMENT,
  `migration` varchar(255) CHARACTER SET utf8 COLLATE utf8_turkish_ci NOT NULL,
  `batch` int(11) NOT NULL,
  PRIMARY KEY (`id`) USING BTREE
) ENGINE = InnoDB AUTO_INCREMENT = 17 CHARACTER SET = utf8 COLLATE = utf8_turkish_ci ROW_FORMAT = Compact;

-- ----------------------------
-- Records of migrations
-- ----------------------------
INSERT INTO `migrations` VALUES (13, '2014_10_12_000000_create_users_table', 1);
INSERT INTO `migrations` VALUES (14, '2014_10_12_100000_create_password_resets_table', 1);
INSERT INTO `migrations` VALUES (15, '2018_07_29_085703_create_products_table', 1);
INSERT INTO `migrations` VALUES (16, '2018_07_29_090542_create_reviews_table', 1);

-- ----------------------------
-- Table structure for password_resets
-- ----------------------------
DROP TABLE IF EXISTS `password_resets`;
CREATE TABLE `password_resets`  (
  `email` varchar(255) CHARACTER SET utf8 COLLATE utf8_turkish_ci NOT NULL,
  `token` varchar(255) CHARACTER SET utf8 COLLATE utf8_turkish_ci NOT NULL,
  `created_at` timestamp(0) NULL DEFAULT NULL,
  INDEX `password_resets_email_index`(`email`) USING BTREE
) ENGINE = InnoDB CHARACTER SET = utf8 COLLATE = utf8_turkish_ci ROW_FORMAT = Compact;

-- ----------------------------
-- Table structure for products
-- ----------------------------
DROP TABLE IF EXISTS `products`;
CREATE TABLE `products`  (
  `id` int(10) UNSIGNED NOT NULL AUTO_INCREMENT,
  `name` varchar(255) CHARACTER SET utf8 COLLATE utf8_turkish_ci NOT NULL,
  `detail` text CHARACTER SET utf8 COLLATE utf8_turkish_ci NOT NULL,
  `price` int(11) NOT NULL,
  `stock` int(11) NOT NULL,
  `discount` int(11) NOT NULL,
  `created_at` timestamp(0) NULL DEFAULT NULL,
  `updated_at` timestamp(0) NULL DEFAULT NULL,
  PRIMARY KEY (`id`) USING BTREE
) ENGINE = InnoDB AUTO_INCREMENT = 51 CHARACTER SET = utf8 COLLATE = utf8_turkish_ci ROW_FORMAT = Compact;

-- ----------------------------
-- Records of products
-- ----------------------------
INSERT INTO `products` VALUES (1, 'maiores', 'Officiis ea eum perferendis ab sed. Libero voluptatem odit voluptatum architecto placeat. Nam reprehenderit eveniet et ut. Cum at architecto iure aliquam similique suscipit. Unde totam ea error molestiae totam.', 247, 6, 16, '2018-07-29 10:18:19', '2018-07-29 10:18:19');
INSERT INTO `products` VALUES (2, 'non', 'Magnam impedit sunt aut quos fuga laboriosam blanditiis. Possimus aut excepturi voluptatum qui vel. Consequatur officia voluptate aliquid sit molestiae ut quo. Aut ipsum voluptatem libero.', 439, 1, 19, '2018-07-29 10:18:19', '2018-07-29 10:18:19');
INSERT INTO `products` VALUES (3, 'tempore', 'Eligendi et consectetur non facere est aliquid quia. Nihil blanditiis esse omnis tempora veniam et dolor. Eligendi quaerat dolor voluptas error fugiat voluptatum.', 722, 2, 7, '2018-07-29 10:18:19', '2018-07-29 10:18:19');
INSERT INTO `products` VALUES (4, 'sequi', 'Et itaque repellendus rem ullam. Consequatur est et officia quis occaecati nihil ratione. Laborum exercitationem voluptatem aut voluptates ut voluptatum ea laudantium.', 228, 4, 3, '2018-07-29 10:18:19', '2018-07-29 10:18:19');
INSERT INTO `products` VALUES (5, 'aut', 'Fugit et repellendus quasi nam voluptas voluptatum qui. Est sit aut facere sint et. Neque occaecati odio id aut nihil. Maiores ea odio tempora veritatis aliquam non.', 247, 6, 3, '2018-07-29 10:18:19', '2018-07-29 10:18:19');
INSERT INTO `products` VALUES (6, 'mollitia', 'Commodi cupiditate unde nulla a aut. Doloribus voluptatem eos in exercitationem.', 342, 3, 24, '2018-07-29 10:18:19', '2018-07-29 10:18:19');
INSERT INTO `products` VALUES (7, 'maiores', 'Accusantium dignissimos eveniet quo repudiandae omnis dolor aliquam. Est nesciunt aut provident voluptatem libero. Veritatis sed et soluta quia recusandae aliquid et. Vel nihil ullam quis nisi mollitia aliquam atque.', 854, 2, 9, '2018-07-29 10:18:19', '2018-07-29 10:18:19');
INSERT INTO `products` VALUES (8, 'perspiciatis', 'Eaque eum et aut porro fugit cum. Laborum sed totam corporis rerum modi laborum. Itaque ullam aperiam recusandae consequatur et molestiae. Ut et totam natus ullam sint.', 524, 2, 23, '2018-07-29 10:18:19', '2018-07-29 10:18:19');
INSERT INTO `products` VALUES (9, 'numquam', 'Facere id vitae nesciunt quia molestias provident. Necessitatibus repudiandae natus laudantium laboriosam mollitia odit iusto est. Voluptatum et omnis molestiae laudantium ab sit sint.', 493, 6, 20, '2018-07-29 10:18:19', '2018-07-29 10:18:19');
INSERT INTO `products` VALUES (10, 'eum', 'Minus ut blanditiis sit deleniti voluptate. Qui illum et fugiat. Non nisi ut eveniet ea non id voluptatum. Nulla distinctio laudantium quae aperiam eius dolor illum.', 173, 4, 17, '2018-07-29 10:18:19', '2018-07-29 10:18:19');
INSERT INTO `products` VALUES (11, 'nostrum', 'Nulla fuga nemo deserunt aut est. Mollitia et sed non consequatur accusamus. Dolores dignissimos unde rerum voluptate sed error.', 157, 9, 7, '2018-07-29 10:18:19', '2018-07-29 10:18:19');
INSERT INTO `products` VALUES (12, 'autem', 'Cupiditate modi dolorem eaque tenetur fuga quo inventore. Eum quas et eum eos. Aut tempora ad qui voluptas dolore deserunt. Praesentium mollitia nulla praesentium doloribus.', 476, 9, 11, '2018-07-29 10:18:19', '2018-07-29 10:18:19');
INSERT INTO `products` VALUES (13, 'eius', 'Et harum placeat quas et qui. Architecto ratione veniam voluptatum quia. Fugit qui aut sequi.', 667, 7, 17, '2018-07-29 10:18:19', '2018-07-29 10:18:19');
INSERT INTO `products` VALUES (14, 'est', 'Et molestiae nesciunt assumenda impedit eaque fugiat. Unde officiis fugit nihil doloribus officia. Dolores et non consequuntur enim. Quia magnam ducimus minus quia saepe.', 503, 5, 14, '2018-07-29 10:18:19', '2018-07-29 10:18:19');
INSERT INTO `products` VALUES (15, 'aut', 'Explicabo mollitia explicabo enim inventore dolores. Fugit architecto quo magnam perspiciatis est. Occaecati autem amet repellendus aut ex. Blanditiis et labore sequi et.', 273, 9, 11, '2018-07-29 10:18:19', '2018-07-29 10:18:19');
INSERT INTO `products` VALUES (16, 'ut', 'Excepturi aut adipisci vitae est. Et sunt alias perferendis dolores. Quod necessitatibus inventore ut minus voluptas saepe debitis libero.', 372, 2, 13, '2018-07-29 10:18:19', '2018-07-29 10:18:19');
INSERT INTO `products` VALUES (17, 'qui', 'Aspernatur asperiores qui et unde. Praesentium officia nostrum est sunt nemo debitis soluta ut. Harum fugiat sit quo quis aut possimus ut. Et libero ut excepturi eum et iste.', 341, 4, 15, '2018-07-29 10:18:19', '2018-07-29 10:18:19');
INSERT INTO `products` VALUES (18, 'architecto', 'Ullam accusantium illo quis accusamus est magni beatae. Eos corporis molestiae labore tenetur consequatur. Qui corrupti nostrum maiores ut tempore repellat et. Maiores omnis expedita et quis quia aliquam. Sequi voluptates porro possimus commodi.', 814, 5, 5, '2018-07-29 10:18:19', '2018-07-29 10:18:19');
INSERT INTO `products` VALUES (19, 'sint', 'Voluptas magni corporis et eius est amet voluptatem. Architecto nobis illo maxime quo. Error tempore eligendi dicta voluptas qui est. Harum laudantium reprehenderit dolor necessitatibus.', 600, 3, 8, '2018-07-29 10:18:19', '2018-07-29 10:18:19');
INSERT INTO `products` VALUES (20, 'sint', 'Facilis reprehenderit et voluptatum itaque aliquid. Aut a aut facere dicta. Pariatur dolorem ipsam minus nisi voluptatem.', 470, 5, 24, '2018-07-29 10:18:19', '2018-07-29 10:18:19');
INSERT INTO `products` VALUES (21, 'repellendus', 'Veritatis velit sapiente quia est rerum. Ex autem incidunt nesciunt sunt soluta est officiis. In quidem esse fuga molestias consequuntur. Eos enim porro quisquam et placeat unde iusto cumque.', 141, 2, 18, '2018-07-29 10:18:19', '2018-07-29 10:18:19');
INSERT INTO `products` VALUES (22, 'aliquam', 'Voluptatem consectetur labore perspiciatis facilis ea et. Error vel voluptas suscipit quos maiores debitis. Accusantium molestias in enim unde quisquam qui. Non eveniet velit hic. Recusandae et dolor molestiae.', 380, 3, 6, '2018-07-29 10:18:19', '2018-07-29 10:18:19');
INSERT INTO `products` VALUES (23, 'voluptatem', 'In voluptatem accusamus molestiae sed. Facere aliquam tempore exercitationem culpa sit. Eos consequatur quod ad sapiente modi. Cupiditate sed et explicabo unde et suscipit.', 851, 7, 19, '2018-07-29 10:18:19', '2018-07-29 10:18:19');
INSERT INTO `products` VALUES (24, 'iure', 'Cum possimus blanditiis placeat odio mollitia ea dolorem consequatur. Nostrum beatae veniam at. Veniam quis pariatur adipisci. Minima aspernatur quam sed officia exercitationem voluptas similique ut.', 626, 3, 7, '2018-07-29 10:18:19', '2018-07-29 10:18:19');
INSERT INTO `products` VALUES (25, 'rerum', 'Doloribus voluptatem asperiores eos. Blanditiis sunt sit pariatur ut sint minima. In eos fugit debitis beatae atque nesciunt.', 689, 9, 7, '2018-07-29 10:18:19', '2018-07-29 10:18:19');
INSERT INTO `products` VALUES (26, 'autem', 'Quia consequuntur harum iure id. Quia aliquid accusantium repellendus voluptates. Iure hic autem architecto odio autem.', 252, 1, 4, '2018-07-29 10:18:19', '2018-07-29 10:18:19');
INSERT INTO `products` VALUES (27, 'voluptatem', 'Laboriosam rerum iste eaque consequatur suscipit quo suscipit. Consectetur repellendus sint illum sit nihil incidunt. Quia eveniet quia officia sit.', 510, 5, 12, '2018-07-29 10:18:19', '2018-07-29 10:18:19');
INSERT INTO `products` VALUES (28, 'dolorum', 'Aut facilis veniam harum nemo est minima deleniti. Quod iusto inventore voluptas consequatur. Quis autem aut voluptatibus qui. Qui odio inventore magni rem.', 488, 7, 12, '2018-07-29 10:18:19', '2018-07-29 10:18:19');
INSERT INTO `products` VALUES (29, 'pariatur', 'Impedit beatae non enim velit a deserunt. Aspernatur voluptatem voluptatibus hic perspiciatis est suscipit dicta dolores. Sapiente consequatur dolor suscipit exercitationem voluptatem.', 346, 9, 12, '2018-07-29 10:18:19', '2018-07-29 10:18:19');
INSERT INTO `products` VALUES (30, 'minus', 'Doloribus atque est eligendi molestiae maxime dolorem. Aut autem deleniti pariatur. Esse aspernatur ea doloribus laboriosam voluptates magni. Natus sit sed quo unde.', 481, 3, 22, '2018-07-29 10:18:19', '2018-07-29 10:18:19');
INSERT INTO `products` VALUES (31, 'consectetur', 'Quidem cupiditate autem dolore voluptas ab. Ex aut ducimus provident voluptatem voluptatibus.', 454, 2, 18, '2018-07-29 10:18:19', '2018-07-29 10:18:19');
INSERT INTO `products` VALUES (32, 'eligendi', 'Qui exercitationem hic sit reprehenderit vel ut. Sit doloribus debitis illum aut. Odit explicabo eos et quam rem ipsa. Voluptatem eum sequi quae.', 399, 3, 9, '2018-07-29 10:18:19', '2018-07-29 10:18:19');
INSERT INTO `products` VALUES (33, 'consequatur', 'Pariatur necessitatibus rerum eius debitis voluptatibus sit enim libero. Aut deserunt modi architecto qui hic id assumenda.', 176, 3, 21, '2018-07-29 10:18:19', '2018-07-29 10:18:19');
INSERT INTO `products` VALUES (34, 'deleniti', 'Nihil velit odit numquam voluptatibus et voluptatibus iste. Cumque rem aperiam incidunt. Occaecati in officia sint et ut cum.', 357, 0, 8, '2018-07-29 10:18:19', '2018-07-29 10:18:19');
INSERT INTO `products` VALUES (35, 'et', 'Dolorum quam cumque illo. Laborum quas cupiditate illo rem eos. Ut sequi qui neque omnis nemo.', 605, 7, 28, '2018-07-29 10:18:19', '2018-07-29 10:18:19');
INSERT INTO `products` VALUES (36, 'eveniet', 'Neque dignissimos natus quis aut dignissimos aut magni. Laboriosam rerum itaque perferendis quos voluptate. Sit voluptates ut ipsam et necessitatibus sed quod. Error aut molestiae aut dolore aut rerum.', 886, 1, 9, '2018-07-29 10:18:19', '2018-07-29 10:18:19');
INSERT INTO `products` VALUES (37, 'ut', 'Similique nobis consequatur officia sunt et debitis sed est. Voluptas non aut modi reprehenderit rerum possimus ut. Voluptatem vitae animi numquam repellendus inventore praesentium magni.', 536, 8, 22, '2018-07-29 10:18:19', '2018-07-29 10:18:19');
INSERT INTO `products` VALUES (38, 'eligendi', 'Ducimus aut magnam veritatis ut non nihil tempora eligendi. Facilis vitae doloribus aut ut.', 991, 3, 20, '2018-07-29 10:18:19', '2018-07-29 10:18:19');
INSERT INTO `products` VALUES (39, 'aut', 'Porro maxime sed nulla et. Et itaque quis adipisci accusantium placeat totam voluptate. Ex nobis laudantium velit similique et voluptatem aut.', 521, 3, 6, '2018-07-29 10:18:19', '2018-07-29 10:18:19');
INSERT INTO `products` VALUES (40, 'necessitatibus', 'Aspernatur laborum in odit maiores repellendus ab dignissimos. Perferendis et quam ex voluptate id laudantium eius.', 736, 8, 7, '2018-07-29 10:18:19', '2018-07-29 10:18:19');
INSERT INTO `products` VALUES (41, 'tenetur', 'Et recusandae ullam id neque. Ea qui quod eum officiis tenetur. Explicabo tempore maxime sit quia velit. Occaecati ut molestias tempora qui aut odio.', 307, 5, 4, '2018-07-29 10:18:19', '2018-07-29 10:18:19');
INSERT INTO `products` VALUES (42, 'neque', 'Consequatur et inventore sint quam. Quidem non nam ex veniam veritatis sed. Repellat aut laborum dicta animi temporibus.', 799, 2, 10, '2018-07-29 10:18:19', '2018-07-29 10:18:19');
INSERT INTO `products` VALUES (43, 'cupiditate', 'Et non quo blanditiis laborum. Beatae quo vel laboriosam tempora distinctio. Iste explicabo eius atque maxime.', 544, 7, 6, '2018-07-29 10:18:19', '2018-07-29 10:18:19');
INSERT INTO `products` VALUES (44, 'reprehenderit', 'Cumque sed ut nostrum iste. Fugiat sapiente voluptatibus fuga eos corporis et quo. Id dolores dolorem est perferendis minus.', 472, 2, 9, '2018-07-29 10:18:19', '2018-07-29 10:18:19');
INSERT INTO `products` VALUES (45, 'consequatur', 'Rem expedita ratione omnis sit qui. Numquam temporibus libero odit quia dolores. Vitae minus sunt sit porro consequuntur ut veritatis adipisci. Sint est et molestias excepturi perferendis voluptatem.', 459, 9, 29, '2018-07-29 10:18:19', '2018-07-29 10:18:19');
INSERT INTO `products` VALUES (46, 'exercitationem', 'Quaerat natus et non illo corrupti voluptate et. Debitis aperiam praesentium delectus ut. Est nam sequi odio quis. Perferendis quis minus facere eveniet.', 562, 8, 5, '2018-07-29 10:18:19', '2018-07-29 10:18:19');
INSERT INTO `products` VALUES (47, 'ratione', 'Maiores sit reprehenderit sapiente sapiente. Nesciunt a est sint consectetur. Ipsa quisquam et et.', 749, 3, 18, '2018-07-29 10:18:19', '2018-07-29 10:18:19');
INSERT INTO `products` VALUES (48, 'a', 'Modi quas magni qui rerum et ex nam. Est rerum eos in debitis architecto non quod. Accusantium ipsa reprehenderit suscipit eaque. Consequuntur dolorem culpa enim ut inventore nemo iste.', 796, 0, 7, '2018-07-29 10:18:19', '2018-07-29 10:18:19');
INSERT INTO `products` VALUES (49, 'possimus', 'Eos non tenetur itaque et. Rem architecto ducimus non cumque voluptas similique aut. Aspernatur omnis architecto magnam consequatur. Id debitis et et vel quod repellendus.', 176, 9, 30, '2018-07-29 10:18:19', '2018-07-29 10:18:19');
INSERT INTO `products` VALUES (50, 'quia', 'Aut animi est tenetur est. Quia vel eum sit rem. Temporibus molestiae omnis ea aspernatur adipisci unde rerum. Qui eum recusandae ipsa expedita temporibus necessitatibus voluptatem.', 945, 7, 15, '2018-07-29 10:18:19', '2018-07-29 10:18:19');

-- ----------------------------
-- Table structure for reviews
-- ----------------------------
DROP TABLE IF EXISTS `reviews`;
CREATE TABLE `reviews`  (
  `id` int(10) UNSIGNED NOT NULL AUTO_INCREMENT,
  `product_id` int(10) UNSIGNED NOT NULL,
  `customer` varchar(255) CHARACTER SET utf8 COLLATE utf8_turkish_ci NOT NULL,
  `review` text CHARACTER SET utf8 COLLATE utf8_turkish_ci NOT NULL,
  `star` int(11) NOT NULL,
  `created_at` timestamp(0) NULL DEFAULT NULL,
  `updated_at` timestamp(0) NULL DEFAULT NULL,
  PRIMARY KEY (`id`) USING BTREE,
  INDEX `reviews_product_id_index`(`product_id`) USING BTREE,
  CONSTRAINT `reviews_product_id_foreign` FOREIGN KEY (`product_id`) REFERENCES `products` (`id`) ON DELETE CASCADE ON UPDATE RESTRICT
) ENGINE = InnoDB AUTO_INCREMENT = 301 CHARACTER SET = utf8 COLLATE = utf8_turkish_ci ROW_FORMAT = Compact;

-- ----------------------------
-- Records of reviews
-- ----------------------------
INSERT INTO `reviews` VALUES (1, 45, 'Izabella Rosenbaum', 'Nihil qui sint ratione ea expedita molestiae at officia. Quibusdam error ratione provident sint delectus. Aut ea dolor odit similique ipsa aliquam. Autem atque odit autem quo.', 1, '2018-07-29 10:18:20', '2018-07-29 10:18:20');
INSERT INTO `reviews` VALUES (2, 43, 'Maritza Boehm', 'Sint sed quisquam consectetur ut. Ad eligendi corrupti nihil nihil ducimus nisi ea laudantium. Porro accusamus impedit aspernatur vel et est. Quisquam consequuntur assumenda iure.', 3, '2018-07-29 10:18:20', '2018-07-29 10:18:20');
INSERT INTO `reviews` VALUES (3, 44, 'Roger Maggio', 'Error commodi cumque aspernatur rerum illum sit ut. Aut et doloribus quisquam exercitationem fugiat. Et amet autem architecto qui ducimus modi delectus quis. Ducimus aperiam enim placeat eius beatae blanditiis esse omnis.', 5, '2018-07-29 10:18:20', '2018-07-29 10:18:20');
INSERT INTO `reviews` VALUES (4, 21, 'Ashton Boyer', 'Voluptas rerum enim fuga dolores. Et sit laboriosam dolores rerum voluptatum. Sequi enim vitae in est.', 2, '2018-07-29 10:18:20', '2018-07-29 10:18:20');
INSERT INTO `reviews` VALUES (5, 47, 'Bernard Lakin', 'Alias soluta maiores laudantium quas. Voluptatem perspiciatis molestiae voluptatem deserunt. Facilis dolores ipsum animi est voluptate fugit laudantium. Voluptas optio hic qui eos qui.', 2, '2018-07-29 10:18:20', '2018-07-29 10:18:20');
INSERT INTO `reviews` VALUES (6, 48, 'Prof. Yvette Dooley', 'Non consequuntur consequatur sit dolorum autem. Qui minus quo ut qui in. Vel magnam asperiores autem labore cupiditate.', 3, '2018-07-29 10:18:20', '2018-07-29 10:18:20');
INSERT INTO `reviews` VALUES (7, 23, 'Prof. Camren Macejkovic PhD', 'Exercitationem ut error molestias corrupti perspiciatis est consequatur. Provident ipsum quia quia aspernatur. Eius dolores consectetur labore autem.', 2, '2018-07-29 10:18:20', '2018-07-29 10:18:20');
INSERT INTO `reviews` VALUES (8, 7, 'Javonte Hamill', 'Officiis aut voluptatibus qui rem enim a quis quo. Totam magnam velit iusto nam est amet modi est. Voluptatum quasi vitae quis velit ad expedita illo.', 0, '2018-07-29 10:18:20', '2018-07-29 10:18:20');
INSERT INTO `reviews` VALUES (9, 29, 'Dr. Justice Kohler Sr.', 'Rerum dolore aliquid cum provident error. Id eligendi est voluptas dignissimos et. Fugit optio ipsum ut ad. Ullam odit velit aut nihil in aliquid ut numquam.', 4, '2018-07-29 10:18:20', '2018-07-29 10:18:20');
INSERT INTO `reviews` VALUES (10, 24, 'Leora Homenick V', 'Facere magnam omnis porro voluptas. Est sint qui quis consectetur impedit. Natus temporibus qui perferendis aperiam aut rerum.', 2, '2018-07-29 10:18:20', '2018-07-29 10:18:20');
INSERT INTO `reviews` VALUES (11, 32, 'Catharine Lakin I', 'Facere deserunt commodi quos odit sed ducimus. Et atque expedita itaque cum molestias est. Qui et omnis non atque. Et recusandae et quo numquam et sed.', 4, '2018-07-29 10:18:20', '2018-07-29 10:18:20');
INSERT INTO `reviews` VALUES (12, 18, 'Mr. Milan Runte', 'Eveniet voluptatem ipsum nulla vel vero. Porro labore qui ex magni harum.', 0, '2018-07-29 10:18:20', '2018-07-29 10:18:20');
INSERT INTO `reviews` VALUES (13, 39, 'Hubert McDermott', 'Autem nihil eveniet expedita. Accusamus consequuntur consequatur sed qui voluptatibus quia et. Quos tempore nemo qui. Cum ea sunt hic consequuntur rerum id quo.', 4, '2018-07-29 10:18:20', '2018-07-29 10:18:20');
INSERT INTO `reviews` VALUES (14, 28, 'Donna Schoen', 'Sed odit amet dolorem aut. Esse culpa dolorem est. Reprehenderit voluptatem omnis cumque. Aut quis dolorem vel similique dolorem magni architecto exercitationem.', 1, '2018-07-29 10:18:20', '2018-07-29 10:18:20');
INSERT INTO `reviews` VALUES (15, 1, 'Ashleigh Hoppe', 'Provident voluptas nihil amet nihil ut ipsa. Qui consequatur iusto quis error neque repellat molestiae. Ut nesciunt esse occaecati voluptatem.', 5, '2018-07-29 10:18:20', '2018-07-29 10:18:20');
INSERT INTO `reviews` VALUES (16, 50, 'Stan Hackett', 'Repellendus pariatur velit molestiae perspiciatis quod pariatur excepturi. Nihil enim quod enim ut tempore voluptas repellat. Aliquam quis consequuntur temporibus fugit. Voluptatem consequatur consectetur quod est qui et sit. Commodi corporis quam dicta cum.', 4, '2018-07-29 10:18:20', '2018-07-29 10:18:20');
INSERT INTO `reviews` VALUES (17, 48, 'Ethel Jacobs III', 'Nobis nobis autem minus sint. In sapiente molestias omnis quia iure ipsa molestiae commodi. Et quis id quo omnis.', 3, '2018-07-29 10:18:20', '2018-07-29 10:18:20');
INSERT INTO `reviews` VALUES (18, 27, 'Santiago Jakubowski', 'Non perspiciatis illo veniam cum pariatur sed. Id excepturi aut quos doloribus natus non. Earum quas rem cum aperiam magni labore iste. Quasi omnis laboriosam nulla error praesentium.', 1, '2018-07-29 10:18:20', '2018-07-29 10:18:20');
INSERT INTO `reviews` VALUES (19, 16, 'Nicola Lakin', 'Placeat ut sed et sint. Esse eius sed dolores quia omnis repellendus et hic. Ut voluptatibus ut dolorem voluptatem similique. Quidem fuga sunt aut aut.', 2, '2018-07-29 10:18:20', '2018-07-29 10:18:20');
INSERT INTO `reviews` VALUES (20, 49, 'Letitia Balistreri', 'Id non quam pariatur voluptatem culpa eos. Sed voluptas non quos consequuntur at. Delectus repellat nulla atque quaerat.', 0, '2018-07-29 10:18:20', '2018-07-29 10:18:20');
INSERT INTO `reviews` VALUES (21, 11, 'Miss Alessia Shanahan', 'Impedit dolores recusandae sed et porro magni reiciendis. Voluptatem cumque cumque quod dolor. Enim iusto suscipit hic doloremque molestiae esse tempore. Eum consequatur rerum modi ea.', 3, '2018-07-29 10:18:20', '2018-07-29 10:18:20');
INSERT INTO `reviews` VALUES (22, 42, 'Dr. Ludwig Cummerata MD', 'Velit doloremque omnis ullam fugiat accusamus quo expedita. Sequi officia quibusdam ipsum ex. Id est nemo ratione consequuntur nobis quos. Sunt autem omnis voluptate quis accusantium et reiciendis nihil.', 3, '2018-07-29 10:18:20', '2018-07-29 10:18:20');
INSERT INTO `reviews` VALUES (23, 37, 'Tyrell Hartmann', 'Expedita iure dolorem in quia fuga. Quibusdam recusandae eligendi officiis hic ullam in accusantium. Pariatur nihil qui explicabo omnis veniam dolore voluptates. Pariatur et iure quasi nobis et voluptatem autem.', 5, '2018-07-29 10:18:20', '2018-07-29 10:18:20');
INSERT INTO `reviews` VALUES (24, 23, 'Prof. Nicholas Schaefer', 'Mollitia dolore fugiat nesciunt delectus maxime quas. Laudantium quas alias est nobis doloremque architecto illum eos. Assumenda fugiat repudiandae ullam iste magnam porro quasi tenetur. Dolor aut voluptatem dolorem rem et.', 3, '2018-07-29 10:18:20', '2018-07-29 10:18:20');
INSERT INTO `reviews` VALUES (25, 22, 'Brendon Hintz', 'Quia quo accusamus aut omnis nobis dolore architecto. Optio illo et debitis. Reiciendis repellendus aut omnis vitae.', 1, '2018-07-29 10:18:20', '2018-07-29 10:18:20');
INSERT INTO `reviews` VALUES (26, 27, 'Ms. Elinore Wisoky', 'Quis eveniet quam in ratione fuga. Quia quam voluptatem non dolorum sit. Commodi odit ipsum perferendis repudiandae quidem. Tempora consequatur a non eaque repellendus sed repellat molestiae.', 4, '2018-07-29 10:18:20', '2018-07-29 10:18:20');
INSERT INTO `reviews` VALUES (27, 38, 'Mrs. Sophia Dietrich', 'In voluptatem quae et ullam voluptatem. Voluptates et non vero ut. Repellendus veritatis optio temporibus exercitationem sed nostrum.', 2, '2018-07-29 10:18:20', '2018-07-29 10:18:20');
INSERT INTO `reviews` VALUES (28, 16, 'Aliya Kozey', 'Natus expedita magni eos voluptas veritatis sit consequatur ipsa. Vero quae aut dolorem similique mollitia ea aut. Deserunt quia quo aut dolores. In beatae aut et quia. Et earum placeat quia molestiae.', 5, '2018-07-29 10:18:20', '2018-07-29 10:18:20');
INSERT INTO `reviews` VALUES (29, 9, 'Alexander Nader', 'Eum quia et atque qui culpa cum mollitia. Sed commodi reiciendis tempore accusantium est qui tenetur rerum. Dolore ut consequatur et ut minima. Aliquam fuga et quaerat non dolores at sint qui.', 5, '2018-07-29 10:18:20', '2018-07-29 10:18:20');
INSERT INTO `reviews` VALUES (30, 27, 'Gunner Gleichner', 'In enim distinctio dolores possimus earum. Doloribus distinctio rerum iusto ab nobis in voluptate. Tempora tenetur est provident adipisci placeat. Similique eos tempora et et qui magnam. Illum sunt praesentium perferendis facere ratione.', 3, '2018-07-29 10:18:20', '2018-07-29 10:18:20');
INSERT INTO `reviews` VALUES (31, 48, 'Dr. Justen Bauch Jr.', 'Suscipit natus rem placeat magni eaque dolorem enim. Nisi ipsa dolores et commodi vel.', 2, '2018-07-29 10:18:20', '2018-07-29 10:18:20');
INSERT INTO `reviews` VALUES (32, 30, 'Claud Kozey', 'Blanditiis dolorum voluptatibus tenetur incidunt repellat voluptatibus. Odio accusantium at dignissimos possimus aut quas placeat id. Blanditiis rerum neque qui laborum eum. Aut debitis cumque vero nisi.', 5, '2018-07-29 10:18:20', '2018-07-29 10:18:20');
INSERT INTO `reviews` VALUES (33, 48, 'Prof. Zella Streich', 'Id et illum veritatis. Doloremque accusantium similique fugiat vel mollitia. Incidunt voluptatem cupiditate similique. Neque non architecto saepe dolorum ipsum quo.', 2, '2018-07-29 10:18:20', '2018-07-29 10:18:20');
INSERT INTO `reviews` VALUES (34, 45, 'Marjolaine Crist IV', 'Velit incidunt amet aliquid delectus. Nobis aliquam a omnis aut. Aut laborum aut doloremque deleniti consequatur quia. Mollitia magni tempora optio libero facere sed.', 4, '2018-07-29 10:18:20', '2018-07-29 10:18:20');
INSERT INTO `reviews` VALUES (35, 46, 'Brandi Kris', 'Consequatur nihil nostrum expedita blanditiis illum voluptatibus. Nostrum enim et maxime tempore voluptas ut illum. Et quia alias iusto aperiam voluptatem. Distinctio natus ut ex quibusdam id dolor aliquid.', 1, '2018-07-29 10:18:20', '2018-07-29 10:18:20');
INSERT INTO `reviews` VALUES (36, 25, 'Ardella Torphy', 'Nostrum consequatur autem repellendus nihil. Occaecati vero est amet sit doloremque accusamus impedit quia. Praesentium quia rem temporibus temporibus excepturi deleniti. Illum nam a impedit culpa placeat unde.', 0, '2018-07-29 10:18:20', '2018-07-29 10:18:20');
INSERT INTO `reviews` VALUES (37, 18, 'Palma Roob II', 'Aut nihil distinctio beatae omnis et officiis officiis. Quam nam saepe recusandae velit excepturi et et. Ullam ut dolores sapiente saepe. Similique nulla architecto molestiae omnis assumenda mollitia nisi.', 2, '2018-07-29 10:18:20', '2018-07-29 10:18:20');
INSERT INTO `reviews` VALUES (38, 12, 'Dr. Candelario Ryan', 'Nisi deleniti laboriosam accusantium magnam. Impedit at id reiciendis. Inventore quos reiciendis laboriosam. Assumenda saepe nemo ut nostrum impedit sunt.', 4, '2018-07-29 10:18:20', '2018-07-29 10:18:20');
INSERT INTO `reviews` VALUES (39, 4, 'Reta Jakubowski', 'Eius porro sunt rem vitae rem. Odio est ipsam labore quidem voluptate fugiat. Qui ratione consectetur vel qui incidunt.', 0, '2018-07-29 10:18:20', '2018-07-29 10:18:20');
INSERT INTO `reviews` VALUES (40, 5, 'Reta Reilly', 'Totam atque officiis aut et et. Laborum illo qui vel culpa cupiditate ullam. Neque pariatur non et nemo cupiditate quaerat soluta accusamus. Possimus libero et maiores eaque nam alias vel.', 1, '2018-07-29 10:18:20', '2018-07-29 10:18:20');
INSERT INTO `reviews` VALUES (41, 10, 'Doris McLaughlin MD', 'Excepturi beatae in ut assumenda. Illum perferendis ipsa tempora et. Iusto explicabo dolores perspiciatis explicabo nulla dicta.', 4, '2018-07-29 10:18:20', '2018-07-29 10:18:20');
INSERT INTO `reviews` VALUES (42, 28, 'Hilbert Grant', 'Rerum voluptatum doloribus explicabo repellat. Non reprehenderit est repudiandae sed numquam consequatur iste. Ullam molestias aut voluptatem soluta explicabo quo quo. Suscipit quaerat quis animi nobis impedit. Id ex repellat minus ad in laudantium velit.', 5, '2018-07-29 10:18:20', '2018-07-29 10:18:20');
INSERT INTO `reviews` VALUES (43, 27, 'Mackenzie Mosciski Jr.', 'Porro repellat sint aliquam culpa. Doloribus perspiciatis labore in dolor nostrum. Optio facilis consequatur dolore.', 3, '2018-07-29 10:18:20', '2018-07-29 10:18:20');
INSERT INTO `reviews` VALUES (44, 38, 'Dr. Rusty McGlynn', 'Minus sed quae ea rerum reprehenderit. Quo iste at ut corporis laudantium. Ab et qui explicabo et et dolorum quo.', 4, '2018-07-29 10:18:20', '2018-07-29 10:18:20');
INSERT INTO `reviews` VALUES (45, 34, 'Stanton Schiller', 'Consequatur distinctio hic quibusdam consequatur sit harum. Expedita aut consequatur et illum aut ipsam esse. Cumque maxime voluptatem voluptatibus temporibus quaerat non iusto aliquid. Inventore dolore aperiam unde quod neque qui ex.', 4, '2018-07-29 10:18:20', '2018-07-29 10:18:20');
INSERT INTO `reviews` VALUES (46, 15, 'Mrs. Evelyn Hintz', 'Voluptatum eos eum quam totam. Ut odio error id commodi iste id voluptatum. Ad aut sunt quasi quaerat. Facere sapiente deserunt repellat aut accusantium exercitationem non.', 4, '2018-07-29 10:18:20', '2018-07-29 10:18:20');
INSERT INTO `reviews` VALUES (47, 42, 'Monique Rutherford', 'Dolore perspiciatis dolore soluta ratione velit vel dolores. Est quo vero velit minus cum vel. Inventore qui sint iste.', 4, '2018-07-29 10:18:20', '2018-07-29 10:18:20');
INSERT INTO `reviews` VALUES (48, 7, 'Mr. Giovanny Prohaska', 'Est voluptatum ab doloremque sunt quo omnis. Est impedit rerum est. Minima debitis ut voluptatum.', 0, '2018-07-29 10:18:20', '2018-07-29 10:18:20');
INSERT INTO `reviews` VALUES (49, 46, 'Prof. Shaina Wiegand', 'Accusantium laborum iusto ut aliquam libero quisquam necessitatibus. Placeat dignissimos ratione voluptates tenetur culpa ea et nihil. Architecto vitae veniam eum. Deserunt asperiores et accusamus corrupti pariatur.', 3, '2018-07-29 10:18:20', '2018-07-29 10:18:20');
INSERT INTO `reviews` VALUES (50, 30, 'Prof. Harold Goyette', 'Sit corrupti vero nemo sed et qui harum modi. Consectetur voluptatum reiciendis officiis vitae eos distinctio. Consequatur accusantium est ad labore sequi sed. Officiis est perferendis voluptas.', 3, '2018-07-29 10:18:20', '2018-07-29 10:18:20');
INSERT INTO `reviews` VALUES (51, 10, 'Mrs. Nona Heathcote', 'Mollitia praesentium distinctio quia doloribus earum molestiae. Unde architecto qui est magni amet eum iusto. Assumenda rerum tempore sapiente et sed ad soluta. Enim dolores sed velit cumque commodi.', 2, '2018-07-29 10:18:20', '2018-07-29 10:18:20');
INSERT INTO `reviews` VALUES (52, 26, 'Hassan Ritchie', 'Neque veniam voluptatem quis accusamus. Ut in enim eos minima enim et. Autem quod perferendis pariatur iusto officia laborum dolor. Saepe maiores impedit nobis voluptatem provident voluptatem.', 0, '2018-07-29 10:18:20', '2018-07-29 10:18:20');
INSERT INTO `reviews` VALUES (53, 25, 'Halie Schultz I', 'Sed aut laudantium earum modi alias quisquam. Et nobis quos impedit quod.', 1, '2018-07-29 10:18:20', '2018-07-29 10:18:20');
INSERT INTO `reviews` VALUES (54, 20, 'Mrs. Irma Klocko', 'At nihil et aut et est ut eveniet libero. Placeat eius sed magni numquam. Aut qui sint inventore vitae.', 5, '2018-07-29 10:18:20', '2018-07-29 10:18:20');
INSERT INTO `reviews` VALUES (55, 48, 'Mr. Casimer Zulauf', 'Architecto earum tempore enim. Ea facilis blanditiis est itaque totam a. Veniam atque doloribus aliquam atque.', 5, '2018-07-29 10:18:20', '2018-07-29 10:18:20');
INSERT INTO `reviews` VALUES (56, 8, 'Frank Medhurst', 'Vitae illo corporis soluta omnis impedit totam. Atque reiciendis earum neque autem distinctio omnis nam. Odio magni aut velit. Facilis recusandae corrupti autem qui voluptatem saepe optio. Sit rerum quaerat quam omnis ea debitis fugit.', 5, '2018-07-29 10:18:20', '2018-07-29 10:18:20');
INSERT INTO `reviews` VALUES (57, 35, 'Lauriane Hettinger', 'Aperiam ex enim ducimus modi tempore ut. Laborum rerum totam at omnis necessitatibus voluptas.', 0, '2018-07-29 10:18:20', '2018-07-29 10:18:20');
INSERT INTO `reviews` VALUES (58, 20, 'Mrs. Bryana Waelchi DDS', 'Quidem voluptatem soluta sit quae omnis magnam enim. Illum odio odit voluptates sunt. Et sed id doloribus autem ullam.', 3, '2018-07-29 10:18:20', '2018-07-29 10:18:20');
INSERT INTO `reviews` VALUES (59, 31, 'Mr. Miles Conroy PhD', 'Laudantium harum et quo. Sed aliquid est et enim. Nihil non ut sunt.', 1, '2018-07-29 10:18:20', '2018-07-29 10:18:20');
INSERT INTO `reviews` VALUES (60, 15, 'Dr. Irving Ratke Sr.', 'Incidunt commodi id ipsum. Adipisci qui voluptatum blanditiis nemo mollitia modi deserunt. Optio amet dolore et repudiandae quia doloribus iure. Aut sit odio sed consectetur laborum laudantium omnis.', 3, '2018-07-29 10:18:20', '2018-07-29 10:18:20');
INSERT INTO `reviews` VALUES (61, 40, 'Jana Davis', 'Soluta illo reprehenderit est optio et molestias similique. Eum culpa animi accusantium quaerat rerum adipisci. Dolorum consectetur harum similique quia libero quia.', 0, '2018-07-29 10:18:20', '2018-07-29 10:18:20');
INSERT INTO `reviews` VALUES (62, 5, 'Luz Vandervort', 'Esse earum illum corporis qui rerum reiciendis quis. Cupiditate nisi ratione labore repudiandae recusandae ullam. Error molestiae aperiam et neque fuga et.', 5, '2018-07-29 10:18:20', '2018-07-29 10:18:20');
INSERT INTO `reviews` VALUES (63, 13, 'Ansel Glover Jr.', 'Autem odio expedita similique error alias labore. Repudiandae repellat in adipisci aut dolores est exercitationem. Est a voluptas corrupti.', 1, '2018-07-29 10:18:20', '2018-07-29 10:18:20');
INSERT INTO `reviews` VALUES (64, 15, 'Stephanie Kirlin', 'Nemo maxime voluptas sed. Est quia voluptatem consequatur officia. Dicta sit eum dolor est ea. Et beatae aut nihil ducimus qui debitis.', 2, '2018-07-29 10:18:20', '2018-07-29 10:18:20');
INSERT INTO `reviews` VALUES (65, 1, 'Dr. Shanelle Prosacco DVM', 'Ducimus consectetur mollitia sit et. Error et quibusdam autem quo et. Autem voluptatem iure et est molestiae quibusdam voluptatem excepturi.', 2, '2018-07-29 10:18:20', '2018-07-29 10:18:20');
INSERT INTO `reviews` VALUES (66, 21, 'Mrs. Blanche Hackett', 'Quam aspernatur adipisci enim eos veritatis. Voluptatum non et in reiciendis expedita. Consequuntur quam omnis eaque inventore libero facilis. Rem quo deleniti rerum id quae. Sint enim nihil ut autem vero.', 4, '2018-07-29 10:18:20', '2018-07-29 10:18:20');
INSERT INTO `reviews` VALUES (67, 32, 'Ariel Mosciski', 'Qui harum eos quam et. Eius ut nisi aut nemo eos consequuntur. Reiciendis optio vitae qui est deleniti cum necessitatibus et. Laudantium enim necessitatibus repellendus praesentium facilis. Ut provident et suscipit esse aut facilis.', 4, '2018-07-29 10:18:20', '2018-07-29 10:18:20');
INSERT INTO `reviews` VALUES (68, 41, 'Vivianne Satterfield', 'Ea dolor nihil animi et. Cum fuga sunt cum tenetur. Molestiae ea quisquam est sunt beatae.', 3, '2018-07-29 10:18:20', '2018-07-29 10:18:20');
INSERT INTO `reviews` VALUES (69, 34, 'Ms. Samara Waelchi II', 'Dicta impedit minus cupiditate eum. Assumenda quia delectus repellat doloremque quidem. Autem eos omnis voluptatum rerum aut. Voluptates et et magni in pariatur quasi.', 2, '2018-07-29 10:18:20', '2018-07-29 10:18:20');
INSERT INTO `reviews` VALUES (70, 5, 'Viva Waters', 'Voluptatem doloremque dolor cum. Quis excepturi consequatur nam fuga quisquam ut maxime. Excepturi nihil qui voluptatem est sit consequatur nihil nisi. Natus sunt accusamus quae est modi et.', 4, '2018-07-29 10:18:20', '2018-07-29 10:18:20');
INSERT INTO `reviews` VALUES (71, 23, 'Ariane Prohaska', 'Ipsum ipsam id sed reprehenderit. Ex ea consequatur et deleniti. Fugit quia expedita et sequi qui. Excepturi nisi deserunt aliquid quae rem.', 1, '2018-07-29 10:18:20', '2018-07-29 10:18:20');
INSERT INTO `reviews` VALUES (72, 19, 'Merl Barton V', 'Et voluptatibus eaque optio veritatis sit distinctio. Aperiam omnis dolor consectetur vel aut quia. Dolorem sit repellat et suscipit. Culpa dolores et optio tempore vel voluptatibus dignissimos.', 0, '2018-07-29 10:18:20', '2018-07-29 10:18:20');
INSERT INTO `reviews` VALUES (73, 14, 'Dannie McClure I', 'Quos asperiores expedita dolorem dolor. Labore magni iusto eos provident esse eos veniam.', 2, '2018-07-29 10:18:20', '2018-07-29 10:18:20');
INSERT INTO `reviews` VALUES (74, 3, 'Jacklyn Cruickshank IV', 'Aut similique consequuntur aut rerum ut adipisci. Quia vel dolorem ipsum dolorem sequi ipsum ad. Sapiente ducimus perferendis quia tenetur. Necessitatibus fugit aliquam aut explicabo dolorem et aut.', 0, '2018-07-29 10:18:20', '2018-07-29 10:18:20');
INSERT INTO `reviews` VALUES (75, 15, 'Marian Beer', 'Itaque reprehenderit excepturi dolor quia. Minima eligendi vero dolores odio.', 1, '2018-07-29 10:18:20', '2018-07-29 10:18:20');
INSERT INTO `reviews` VALUES (76, 38, 'Eriberto Paucek', 'Eaque corrupti reprehenderit facilis voluptas rem. Aut laborum ut ipsam nihil ut impedit. Id minima et et consequatur quo sit minima. Ut dolor similique velit eos dolores et ratione magnam.', 2, '2018-07-29 10:18:20', '2018-07-29 10:18:20');
INSERT INTO `reviews` VALUES (77, 27, 'Rosamond Lueilwitz', 'Velit dolorum error soluta magnam. Nemo ut quae laboriosam dicta ut nobis architecto. Qui ratione vel sint in.', 4, '2018-07-29 10:18:20', '2018-07-29 10:18:20');
INSERT INTO `reviews` VALUES (78, 1, 'Prof. Dillon Little Jr.', 'Culpa error asperiores consequatur. Earum fugit doloremque placeat eligendi id totam aut quo. Molestias quia ab quos ducimus.', 1, '2018-07-29 10:18:20', '2018-07-29 10:18:20');
INSERT INTO `reviews` VALUES (79, 48, 'Waylon Prosacco', 'Error rerum voluptatem molestias provident corrupti qui accusantium. Molestiae voluptas consequatur ipsum distinctio ratione. Ut amet et dolorem voluptatem dolorum eveniet.', 1, '2018-07-29 10:18:20', '2018-07-29 10:18:20');
INSERT INTO `reviews` VALUES (80, 1, 'Elian Raynor', 'Autem illo iusto perspiciatis aliquid iste voluptatem. Sint ducimus repellat qui veniam provident. Minus eligendi temporibus beatae occaecati libero. Cumque saepe pariatur sit molestiae veniam laborum.', 3, '2018-07-29 10:18:20', '2018-07-29 10:18:20');
INSERT INTO `reviews` VALUES (81, 18, 'Neal Ondricka', 'Labore molestias odit vero et tempore. Autem rem non veniam culpa. Voluptatibus voluptatum numquam eos odio architecto vitae. Quasi ullam est quia nemo excepturi mollitia atque.', 2, '2018-07-29 10:18:20', '2018-07-29 10:18:20');
INSERT INTO `reviews` VALUES (82, 33, 'Norris Kutch', 'Non voluptatum rem et dignissimos. Repellendus at voluptatem maiores sunt. Optio molestiae aut soluta atque velit. Commodi laborum accusamus quos voluptas rerum non. Temporibus ratione non delectus voluptates ipsum.', 3, '2018-07-29 10:18:20', '2018-07-29 10:18:20');
INSERT INTO `reviews` VALUES (83, 18, 'Joey Hudson', 'Culpa sed rerum nesciunt libero odio necessitatibus esse. Ex illum quae consectetur aut voluptatibus voluptatum possimus neque. Culpa et aliquid non nihil laborum. Voluptatibus beatae rerum ex dignissimos placeat.', 3, '2018-07-29 10:18:20', '2018-07-29 10:18:20');
INSERT INTO `reviews` VALUES (84, 50, 'Lucious Nolan', 'Eveniet vero vel at dolorem est ut. Itaque ex voluptas non reiciendis ipsum iste maxime repellendus. Et aliquid ea sed fuga dolore. Voluptates quam eum amet non.', 0, '2018-07-29 10:18:20', '2018-07-29 10:18:20');
INSERT INTO `reviews` VALUES (85, 31, 'Vinnie Grady', 'Magni et ipsam qui voluptas. Quisquam qui quo iure atque. Iste incidunt iste fugit sit.', 4, '2018-07-29 10:18:20', '2018-07-29 10:18:20');
INSERT INTO `reviews` VALUES (86, 37, 'Dr. Viva Jacobson', 'Aut incidunt autem nobis aliquam magnam repellat. Quia sit reprehenderit nemo dolorem. Ducimus possimus ex inventore repudiandae deleniti.', 1, '2018-07-29 10:18:20', '2018-07-29 10:18:20');
INSERT INTO `reviews` VALUES (87, 9, 'Camila Streich', 'Omnis culpa et voluptatem alias. Molestias perspiciatis est tempora quos officiis. Voluptas suscipit ad quod ad nam repellat laborum sit.', 0, '2018-07-29 10:18:20', '2018-07-29 10:18:20');
INSERT INTO `reviews` VALUES (88, 14, 'Ms. Chanelle Heidenreich', 'Architecto est fugit magni et. Pariatur ut dolores incidunt voluptatem aut qui. Saepe et incidunt repellendus aliquam qui voluptatum in. Corporis labore voluptatum dolorem quia unde et illum.', 4, '2018-07-29 10:18:20', '2018-07-29 10:18:20');
INSERT INTO `reviews` VALUES (89, 39, 'Mrs. Francesca Mraz', 'Sint dolores voluptas molestiae placeat. Sapiente vero non necessitatibus qui itaque vero facere.', 0, '2018-07-29 10:18:20', '2018-07-29 10:18:20');
INSERT INTO `reviews` VALUES (90, 16, 'Bethel Cartwright', 'Veniam ex et laudantium sed qui deleniti. Officia aliquam eligendi et voluptatibus commodi tenetur. Voluptatem consequuntur sint eius minus officiis aut.', 1, '2018-07-29 10:18:20', '2018-07-29 10:18:20');
INSERT INTO `reviews` VALUES (91, 5, 'Alfreda Huels', 'Veritatis magnam velit aliquam est. Vel et iusto molestiae doloremque.', 4, '2018-07-29 10:18:20', '2018-07-29 10:18:20');
INSERT INTO `reviews` VALUES (92, 13, 'Aylin Nikolaus II', 'Et maxime asperiores sit. Expedita perferendis illo facilis qui beatae accusamus. Dolor voluptas possimus est rem odit iusto. Aut eveniet rerum voluptatem labore.', 2, '2018-07-29 10:18:20', '2018-07-29 10:18:20');
INSERT INTO `reviews` VALUES (93, 26, 'Sigurd Bailey', 'Cum laboriosam quae voluptas temporibus rerum. Voluptatem est sunt et modi dolorum deleniti sit. Dolor nihil error ea consectetur officia.', 4, '2018-07-29 10:18:20', '2018-07-29 10:18:20');
INSERT INTO `reviews` VALUES (94, 27, 'Hans Connelly', 'Fugit doloribus aut optio quo provident. Fuga dolores aliquam maxime ad ab officiis. Est laudantium atque qui placeat. Magni cum fugit ipsam natus qui vel.', 0, '2018-07-29 10:18:20', '2018-07-29 10:18:20');
INSERT INTO `reviews` VALUES (95, 27, 'Willard Rolfson', 'In officia sunt illo temporibus quidem modi id. Odio fuga sit optio. Saepe autem debitis expedita adipisci optio et.', 4, '2018-07-29 10:18:20', '2018-07-29 10:18:20');
INSERT INTO `reviews` VALUES (96, 31, 'Maxie Green', 'Enim eos voluptatem sint tempore doloribus totam. Commodi saepe non dolor voluptatem. Est id quod ut adipisci fugit repudiandae. Voluptatibus voluptate voluptatem voluptate vero incidunt. Deleniti quis ab eaque voluptatum alias.', 0, '2018-07-29 10:18:20', '2018-07-29 10:18:20');
INSERT INTO `reviews` VALUES (97, 49, 'Mr. Brenden Mayer DVM', 'Est hic quam corrupti sed iusto corrupti adipisci. Dolorum atque aut voluptates sunt at.', 3, '2018-07-29 10:18:20', '2018-07-29 10:18:20');
INSERT INTO `reviews` VALUES (98, 32, 'Mr. Jameson Marvin DVM', 'Officia qui rerum voluptatum molestiae ea quis sunt et. Incidunt omnis labore est tenetur. Sit totam similique corrupti. Asperiores laborum sequi sint enim.', 0, '2018-07-29 10:18:20', '2018-07-29 10:18:20');
INSERT INTO `reviews` VALUES (99, 4, 'Vanessa Boyle DDS', 'Neque numquam tempore deserunt est perspiciatis omnis. Voluptatum maxime quia quisquam nesciunt eos alias. Qui quo adipisci quasi aspernatur.', 0, '2018-07-29 10:18:20', '2018-07-29 10:18:20');
INSERT INTO `reviews` VALUES (100, 21, 'Reese Lakin', 'Nesciunt voluptatum officiis sit aut. Vero libero mollitia tempora nesciunt. Est quaerat vitae modi consequuntur suscipit. Occaecati ullam culpa occaecati excepturi reiciendis porro.', 2, '2018-07-29 10:18:20', '2018-07-29 10:18:20');
INSERT INTO `reviews` VALUES (101, 21, 'Mr. Bradley McGlynn', 'Sit facere dolor dolorem consectetur maxime iste. Voluptas voluptas dolor quisquam et voluptates tempore. Magnam aut odit voluptas dolor dolores assumenda ut odit.', 2, '2018-07-29 10:18:20', '2018-07-29 10:18:20');
INSERT INTO `reviews` VALUES (102, 14, 'Prof. Alejandrin Borer', 'Autem iusto aut fugiat non qui dolores. Voluptates deleniti ut consequatur ab ipsam aliquam harum. Commodi rerum eum ut ut. Qui quas dolorum dicta architecto. Modi a est dolore.', 0, '2018-07-29 10:18:20', '2018-07-29 10:18:20');
INSERT INTO `reviews` VALUES (103, 35, 'Odie Quitzon DVM', 'Et vel inventore natus sit omnis neque iure. Illo officia id quia. Modi amet error quia voluptatem.', 5, '2018-07-29 10:18:20', '2018-07-29 10:18:20');
INSERT INTO `reviews` VALUES (104, 50, 'Norma O\'Keefe', 'Nihil non consequatur incidunt amet. Velit et odit qui sit veniam voluptatem ut. Ut dolor consequatur nostrum delectus. Ut ad velit non laudantium sunt dolor.', 2, '2018-07-29 10:18:20', '2018-07-29 10:18:20');
INSERT INTO `reviews` VALUES (105, 39, 'Eda Wunsch', 'Nihil porro consectetur eum perspiciatis qui ad ut ipsa. Autem aut et et sit. Reprehenderit et ducimus impedit et ut accusamus. Sit et earum ut odit.', 5, '2018-07-29 10:18:20', '2018-07-29 10:18:20');
INSERT INTO `reviews` VALUES (106, 24, 'Emile Dietrich', 'Vel qui ut quia labore. Nobis sed illum suscipit a similique. Voluptatem sapiente eos aut nemo qui voluptatem tempore. Quia voluptatem qui consequatur et. Laudantium dolorem porro dolorem officia quia.', 5, '2018-07-29 10:18:20', '2018-07-29 10:18:20');
INSERT INTO `reviews` VALUES (107, 2, 'Forrest Ward', 'Consequuntur ut minima et accusamus quidem tenetur reprehenderit dolore. In quia repellendus in et consequuntur. Repudiandae quidem eaque quibusdam.', 0, '2018-07-29 10:18:20', '2018-07-29 10:18:20');
INSERT INTO `reviews` VALUES (108, 42, 'Bradly Stokes IV', 'Qui unde qui corrupti iusto. Consequatur similique molestiae placeat aut vel autem quod. Pariatur nemo qui qui iure inventore.', 3, '2018-07-29 10:18:20', '2018-07-29 10:18:20');
INSERT INTO `reviews` VALUES (109, 21, 'Ephraim Greenfelder', 'Explicabo corporis repudiandae et ipsum quia. Nulla nam eum beatae et ipsam quaerat. Dignissimos et adipisci ut est delectus quidem vel et. Vel similique fugit repellendus porro odit sed dolorum.', 5, '2018-07-29 10:18:20', '2018-07-29 10:18:20');
INSERT INTO `reviews` VALUES (110, 17, 'Mikayla Jones', 'Dolor excepturi illo ab molestiae facere aut. In consequatur natus eaque ut sit est et fugit. Non adipisci blanditiis aliquid in non.', 4, '2018-07-29 10:18:20', '2018-07-29 10:18:20');
INSERT INTO `reviews` VALUES (111, 11, 'Minnie Bednar', 'Dolorem eius et mollitia libero consequuntur molestiae. Nesciunt qui aliquam quo consequatur dolores placeat quo. Ab voluptatem maxime magnam aut ad. Rerum similique quisquam excepturi.', 2, '2018-07-29 10:18:20', '2018-07-29 10:18:20');
INSERT INTO `reviews` VALUES (112, 2, 'Darlene Lemke IV', 'Id laboriosam quasi aspernatur dignissimos. Quis necessitatibus est autem sed aut sint quis. Itaque occaecati sunt voluptatem et reprehenderit. Dolores esse delectus et debitis quae esse.', 1, '2018-07-29 10:18:21', '2018-07-29 10:18:21');
INSERT INTO `reviews` VALUES (113, 11, 'Fanny Witting', 'Dignissimos voluptatem id excepturi maiores similique ut fuga. Soluta cumque enim repellendus commodi. Molestias molestias inventore minus recusandae. Dolorum hic aut ut est ex quod. Architecto tempora eos cum rerum odit.', 2, '2018-07-29 10:18:21', '2018-07-29 10:18:21');
INSERT INTO `reviews` VALUES (114, 30, 'Mr. Grant Roberts', 'Qui quis est corrupti incidunt mollitia et. Inventore et ullam quia enim. Pariatur ut autem suscipit. Labore sed porro mollitia quisquam.', 2, '2018-07-29 10:18:21', '2018-07-29 10:18:21');
INSERT INTO `reviews` VALUES (115, 9, 'Dr. Alena Mueller V', 'Quis iste dolorum quia et et et neque. Consequuntur nisi praesentium culpa rerum at et dolores ad. Qui minus ullam qui doloribus. Facilis culpa nisi asperiores necessitatibus. Velit aliquid sapiente earum facilis fugiat molestias accusamus.', 3, '2018-07-29 10:18:21', '2018-07-29 10:18:21');
INSERT INTO `reviews` VALUES (116, 37, 'Liliana Monahan', 'Aliquid sunt quis natus. Doloribus dolore non facilis asperiores quam. Ut id ea aliquid soluta illo. Odio error ipsam enim excepturi autem.', 2, '2018-07-29 10:18:21', '2018-07-29 10:18:21');
INSERT INTO `reviews` VALUES (117, 26, 'Eleazar Strosin', 'Corporis delectus velit veritatis necessitatibus qui voluptas sint. Ullam repudiandae qui accusamus nihil id dolores. Est ullam sed et optio. Sit voluptatem architecto ex nihil sunt dolorum et consectetur.', 5, '2018-07-29 10:18:21', '2018-07-29 10:18:21');
INSERT INTO `reviews` VALUES (118, 50, 'Cristian Dooley', 'Dolorum odio delectus voluptatem omnis dolores. Ad sapiente at molestias sunt ab nihil dolores. Totam quas rerum quia non et voluptatem.', 2, '2018-07-29 10:18:21', '2018-07-29 10:18:21');
INSERT INTO `reviews` VALUES (119, 2, 'Dr. Marlee Cremin', 'Incidunt quia possimus illo. Inventore impedit cum suscipit doloremque aut. Suscipit et modi corporis voluptas unde aperiam. Vitae omnis possimus labore commodi delectus iure ea voluptatibus.', 2, '2018-07-29 10:18:21', '2018-07-29 10:18:21');
INSERT INTO `reviews` VALUES (120, 25, 'Jerrold Reilly', 'Rerum quo possimus quia consequuntur dolor molestiae. Dolor sequi non debitis voluptates qui unde. Sed ullam nam culpa soluta qui qui quis unde. Eaque sit in corrupti est odio sint cupiditate debitis.', 1, '2018-07-29 10:18:21', '2018-07-29 10:18:21');
INSERT INTO `reviews` VALUES (121, 40, 'Daryl Tillman', 'Consequatur quia nam praesentium ut sapiente. Dolor exercitationem dolor ut non. Cumque delectus saepe consequatur et saepe natus voluptatem. In enim sapiente eius numquam esse ea.', 1, '2018-07-29 10:18:21', '2018-07-29 10:18:21');
INSERT INTO `reviews` VALUES (122, 31, 'Lorena Grant', 'Itaque minus occaecati occaecati error aliquam odit repudiandae. Ut quis voluptate dolores quae. Laudantium occaecati est sed quia enim quibusdam debitis quidem.', 2, '2018-07-29 10:18:21', '2018-07-29 10:18:21');
INSERT INTO `reviews` VALUES (123, 4, 'Daija Stoltenberg', 'Nisi quidem aspernatur omnis eos pariatur saepe eveniet. Officia et molestiae molestiae deleniti. Fugiat dolores architecto et hic. Sed magnam enim non pariatur atque fugit.', 1, '2018-07-29 10:18:21', '2018-07-29 10:18:21');
INSERT INTO `reviews` VALUES (124, 49, 'Olga Emard Sr.', 'Totam expedita incidunt animi vero. Eum iure omnis est totam. Optio modi veritatis iure dicta.', 2, '2018-07-29 10:18:21', '2018-07-29 10:18:21');
INSERT INTO `reviews` VALUES (125, 22, 'Damon Kuhlman Jr.', 'Omnis fugit iure aut reprehenderit labore. Dolorem dicta ducimus consequuntur animi possimus veniam consequuntur. Magni ea fuga itaque quam tempore. Aut dolorem eaque occaecati ratione at. Facilis magni cumque facere sed.', 4, '2018-07-29 10:18:21', '2018-07-29 10:18:21');
INSERT INTO `reviews` VALUES (126, 30, 'Elmo Von PhD', 'Temporibus quo dolorum esse. Laborum atque fuga sunt quidem sit explicabo voluptatibus velit. Voluptatem qui et repudiandae.', 1, '2018-07-29 10:18:21', '2018-07-29 10:18:21');
INSERT INTO `reviews` VALUES (127, 43, 'Ms. Jewel Batz III', 'Quos qui magnam fugit rem minima velit. Est molestiae culpa architecto corrupti. Pariatur incidunt nesciunt consequatur et ut reprehenderit. Non et animi eius est.', 4, '2018-07-29 10:18:21', '2018-07-29 10:18:21');
INSERT INTO `reviews` VALUES (128, 50, 'Vinnie Lueilwitz', 'Magnam rerum qui recusandae quia. Magni tempore non dolores sint aliquid saepe. Repellat reiciendis itaque sunt voluptas fuga. Maiores libero ut doloremque quaerat omnis eveniet.', 5, '2018-07-29 10:18:21', '2018-07-29 10:18:21');
INSERT INTO `reviews` VALUES (129, 48, 'Alyce Bashirian', 'Rerum iusto modi sit et ea. Nihil animi perferendis consectetur harum eos sunt. Numquam et officiis dolorem libero officiis. Sit ea est ea eum.', 0, '2018-07-29 10:18:21', '2018-07-29 10:18:21');
INSERT INTO `reviews` VALUES (130, 39, 'Annabelle Schamberger I', 'Commodi et nemo sequi ea blanditiis. Ea debitis atque quasi qui fugiat.', 5, '2018-07-29 10:18:21', '2018-07-29 10:18:21');
INSERT INTO `reviews` VALUES (131, 42, 'Camren Bahringer', 'Veritatis molestias ut earum ut. Autem voluptas non quis velit est error harum facere. Ut ratione velit et enim.', 3, '2018-07-29 10:18:21', '2018-07-29 10:18:21');
INSERT INTO `reviews` VALUES (132, 13, 'Ernestina Luettgen', 'Voluptatum sit qui aut hic sint. Harum eos alias iste possimus ut magnam soluta. Quod ut deserunt minima quis vero. Et quam est fuga tempora.', 2, '2018-07-29 10:18:21', '2018-07-29 10:18:21');
INSERT INTO `reviews` VALUES (133, 23, 'Verner Langworth I', 'Unde impedit enim ut deserunt molestias libero. Quia quibusdam atque quo ut consequuntur aperiam. Ducimus eum magnam adipisci. Vel quod adipisci totam qui id.', 5, '2018-07-29 10:18:21', '2018-07-29 10:18:21');
INSERT INTO `reviews` VALUES (134, 16, 'Reginald Pacocha', 'Aperiam laudantium esse enim maiores sed voluptatem. Rerum eum itaque consectetur amet.', 2, '2018-07-29 10:18:21', '2018-07-29 10:18:21');
INSERT INTO `reviews` VALUES (135, 36, 'Providenci Lakin', 'Omnis dolorem dolore aut aut rerum possimus magnam. Totam tempora dolorem totam voluptates repellat est. In quaerat quam porro et et. Dolores maxime quam velit.', 2, '2018-07-29 10:18:21', '2018-07-29 10:18:21');
INSERT INTO `reviews` VALUES (136, 19, 'Tate Bernier', 'Debitis consequatur vel iusto dolorum rerum perspiciatis nihil. Nihil sed qui nesciunt consequatur.', 0, '2018-07-29 10:18:21', '2018-07-29 10:18:21');
INSERT INTO `reviews` VALUES (137, 38, 'Donnell Medhurst', 'Officiis dolores nostrum voluptatem consectetur vel. Consectetur exercitationem dolorum deserunt ratione tempore. Minima voluptatibus vitae voluptas rerum maxime. Corporis aut accusantium laudantium eos.', 1, '2018-07-29 10:18:21', '2018-07-29 10:18:21');
INSERT INTO `reviews` VALUES (138, 39, 'Amelie Steuber', 'Cumque facere totam culpa voluptates. In exercitationem corporis facilis voluptas. Error provident asperiores modi consequatur error at sit. Ipsum qui ut quisquam soluta.', 4, '2018-07-29 10:18:21', '2018-07-29 10:18:21');
INSERT INTO `reviews` VALUES (139, 40, 'Aurelia Heaney Sr.', 'Corporis in dolores voluptatum et aliquam sint necessitatibus. Delectus quia doloribus omnis consequatur debitis quo. Aliquam veniam blanditiis autem.', 1, '2018-07-29 10:18:21', '2018-07-29 10:18:21');
INSERT INTO `reviews` VALUES (140, 22, 'Emmett Howell', 'Ducimus voluptas dignissimos optio ut hic voluptatem. Sed esse quo et quo et laboriosam. Aut suscipit voluptatum illo incidunt libero sapiente omnis.', 5, '2018-07-29 10:18:21', '2018-07-29 10:18:21');
INSERT INTO `reviews` VALUES (141, 8, 'Mr. Xzavier Fadel PhD', 'Provident facilis odio ut qui sit. Fugiat harum rerum ut. Repellat consequatur dolor neque sed pariatur a maxime. Molestiae occaecati minus nesciunt assumenda.', 2, '2018-07-29 10:18:21', '2018-07-29 10:18:21');
INSERT INTO `reviews` VALUES (142, 40, 'Eddie Friesen Jr.', 'Non illum rerum nulla natus quibusdam. Accusamus rem earum commodi asperiores ut autem ipsa atque. Harum dolorum ut voluptatem dolor ipsa ut sed. Nobis quaerat quasi voluptatem sapiente.', 2, '2018-07-29 10:18:21', '2018-07-29 10:18:21');
INSERT INTO `reviews` VALUES (143, 47, 'Mr. Gavin West I', 'Quod nemo et eum velit voluptatem rem. Ex omnis illo consequatur exercitationem et. Ut natus natus laborum doloribus cum in ducimus. Iusto quos quam sed numquam.', 5, '2018-07-29 10:18:21', '2018-07-29 10:18:21');
INSERT INTO `reviews` VALUES (144, 9, 'Prof. Abe Lueilwitz Jr.', 'Blanditiis voluptas nihil nulla dicta debitis sit voluptatem. Omnis voluptas voluptas excepturi aut at rerum iure. Blanditiis est quae qui eaque.', 4, '2018-07-29 10:18:21', '2018-07-29 10:18:21');
INSERT INTO `reviews` VALUES (145, 40, 'Martin Bednar', 'Voluptate libero similique sunt voluptatem sequi velit et facilis. Id laboriosam ullam repellat pariatur.', 3, '2018-07-29 10:18:21', '2018-07-29 10:18:21');
INSERT INTO `reviews` VALUES (146, 27, 'Dr. Gerard Schmeler DVM', 'Non sunt exercitationem voluptas. Fugit fugiat culpa officia debitis dolores veritatis nulla. Est beatae voluptatem dolores ipsa vel inventore sapiente dicta. Omnis cum dolor ut ut.', 4, '2018-07-29 10:18:21', '2018-07-29 10:18:21');
INSERT INTO `reviews` VALUES (147, 34, 'Amina Williamson', 'Pariatur veniam quo fuga aut aut qui. Nostrum est quis a totam possimus quasi. In accusamus iste quae provident ut. Ea commodi aut aut et aut.', 1, '2018-07-29 10:18:21', '2018-07-29 10:18:21');
INSERT INTO `reviews` VALUES (148, 37, 'Prof. Austyn Doyle', 'Incidunt magni temporibus dolores qui esse velit. Recusandae sint velit beatae. Ea officia magni qui ea. Beatae accusamus qui voluptatem delectus voluptatem.', 3, '2018-07-29 10:18:21', '2018-07-29 10:18:21');
INSERT INTO `reviews` VALUES (149, 48, 'Ollie Crist II', 'Est ut corrupti non ut et tenetur. Quia impedit nihil et ut id aperiam sapiente.', 5, '2018-07-29 10:18:21', '2018-07-29 10:18:21');
INSERT INTO `reviews` VALUES (150, 41, 'Mrs. Kaela Zemlak', 'Esse optio quo quo pariatur nemo neque est. Maxime sint iure et accusamus. Rerum saepe ducimus laboriosam eligendi. Harum sint blanditiis repudiandae minus libero et.', 5, '2018-07-29 10:18:21', '2018-07-29 10:18:21');
INSERT INTO `reviews` VALUES (151, 21, 'Reanna Nikolaus', 'Non et natus non quia commodi libero harum. Facilis non quos esse. Omnis non quibusdam voluptatem ut voluptatem enim.', 2, '2018-07-29 10:18:21', '2018-07-29 10:18:21');
INSERT INTO `reviews` VALUES (152, 35, 'Glennie Lowe', 'Officiis quam non unde vitae accusantium quaerat. Ex mollitia nobis repellat et nobis possimus excepturi libero. Illum consequatur quo recusandae eligendi earum ex. Qui id ex ut dolorum distinctio quo voluptatem.', 1, '2018-07-29 10:18:21', '2018-07-29 10:18:21');
INSERT INTO `reviews` VALUES (153, 5, 'Ms. Pattie Keebler Jr.', 'Repellendus ut nostrum assumenda non laudantium ut iure. Quo repudiandae qui nemo voluptatem voluptas eligendi. Incidunt veniam eaque aut quae aut omnis magni.', 5, '2018-07-29 10:18:21', '2018-07-29 10:18:21');
INSERT INTO `reviews` VALUES (154, 10, 'Marcelo Greenholt', 'Est eaque non aut esse exercitationem sequi nihil. Aspernatur sunt vel iure. Culpa velit rem ratione. Architecto accusamus modi quia ea necessitatibus omnis.', 4, '2018-07-29 10:18:21', '2018-07-29 10:18:21');
INSERT INTO `reviews` VALUES (155, 7, 'Dr. Rachel Huel', 'Ipsum unde porro placeat est sapiente consequuntur et molestiae. Quasi magnam consequuntur esse voluptatem assumenda delectus. Dolor repellat exercitationem eum et.', 2, '2018-07-29 10:18:21', '2018-07-29 10:18:21');
INSERT INTO `reviews` VALUES (156, 34, 'Zella Wyman', 'Recusandae eius voluptatum autem voluptatem. Autem tempora explicabo voluptas numquam accusamus. Quo soluta nihil pariatur unde voluptatem dolores nostrum. Quisquam quaerat quis facilis excepturi earum est nam qui.', 4, '2018-07-29 10:18:21', '2018-07-29 10:18:21');
INSERT INTO `reviews` VALUES (157, 44, 'Trenton Kovacek III', 'Beatae aut optio autem est. Eveniet ut aut illum. Id ipsam aut quae eos iusto.', 3, '2018-07-29 10:18:21', '2018-07-29 10:18:21');
INSERT INTO `reviews` VALUES (158, 23, 'Dr. Quentin Prohaska DVM', 'Saepe quod veniam vel tempora. Iusto tenetur perspiciatis quis doloremque autem temporibus suscipit autem. Quia reprehenderit et sequi quae. Voluptatem ut fuga quia ducimus hic sunt temporibus ipsum.', 2, '2018-07-29 10:18:21', '2018-07-29 10:18:21');
INSERT INTO `reviews` VALUES (159, 3, 'Belle Cormier', 'Est magnam qui ut voluptatem in modi sunt. Ad repellat et vel aliquam minima aut et. Consequatur consectetur accusantium aspernatur et distinctio quidem et. Et aspernatur laudantium ut est vitae. Optio ut minus nostrum repellat sunt.', 0, '2018-07-29 10:18:21', '2018-07-29 10:18:21');
INSERT INTO `reviews` VALUES (160, 21, 'Mrs. Abagail Renner III', 'Nostrum laborum laboriosam tempora neque. Laborum rerum minima consectetur dolorum tempora. Voluptatem laborum consequuntur ipsum nesciunt autem accusamus voluptas. Architecto tenetur tenetur hic.', 0, '2018-07-29 10:18:21', '2018-07-29 10:18:21');
INSERT INTO `reviews` VALUES (161, 29, 'Leanne Purdy', 'Rerum aut cupiditate qui facilis. Ullam voluptatem voluptatum asperiores eaque nihil. Eum et esse deserunt aut explicabo corrupti maxime. Hic enim qui fugit iusto sit.', 1, '2018-07-29 10:18:21', '2018-07-29 10:18:21');
INSERT INTO `reviews` VALUES (162, 22, 'Nikki Cartwright', 'Minima qui voluptatem rerum autem dolore. Fuga doloremque tenetur quis architecto. Fuga officia non odit ex.', 5, '2018-07-29 10:18:21', '2018-07-29 10:18:21');
INSERT INTO `reviews` VALUES (163, 43, 'Ethel Paucek', 'Delectus porro dolor consequatur. Dolorem corrupti voluptates esse ea eos ullam sit. Officiis impedit omnis illo velit consequatur qui nesciunt velit. Alias sed qui ut nisi illo voluptas autem. Ea quia perspiciatis itaque quos non ipsa.', 1, '2018-07-29 10:18:21', '2018-07-29 10:18:21');
INSERT INTO `reviews` VALUES (164, 10, 'Cydney Legros DVM', 'Corrupti maiores facere ipsum vel. Iste necessitatibus sed et officia dolores non. Non eum eum soluta quo. Aperiam fugit sed labore esse nihil quos.', 3, '2018-07-29 10:18:21', '2018-07-29 10:18:21');
INSERT INTO `reviews` VALUES (165, 34, 'Carmel Waelchi', 'Tempore rem rerum neque veritatis. Molestiae velit rerum quam iusto eligendi nulla corporis. Corporis voluptatibus quo est eum.', 2, '2018-07-29 10:18:21', '2018-07-29 10:18:21');
INSERT INTO `reviews` VALUES (166, 29, 'Karelle Brown PhD', 'Rem dolores qui pariatur nihil praesentium quos velit. Nesciunt asperiores et doloremque est deserunt vel et. Illo labore impedit aut doloremque.', 2, '2018-07-29 10:18:21', '2018-07-29 10:18:21');
INSERT INTO `reviews` VALUES (167, 35, 'Dr. Aiden Kuhn', 'Eum totam voluptatem dolore optio ipsum cupiditate nam praesentium. Officia dolorem maxime iusto molestiae minus dolore.', 5, '2018-07-29 10:18:21', '2018-07-29 10:18:21');
INSERT INTO `reviews` VALUES (168, 20, 'Colten Frami', 'Eligendi ipsum cumque itaque ea quia non dolores. Est accusamus ea aut quos itaque unde.', 0, '2018-07-29 10:18:21', '2018-07-29 10:18:21');
INSERT INTO `reviews` VALUES (169, 50, 'Rosa Schneider', 'Corrupti veritatis quo commodi. Aut sint quae voluptas. Possimus in itaque perferendis nostrum iure ipsum ut.', 4, '2018-07-29 10:18:21', '2018-07-29 10:18:21');
INSERT INTO `reviews` VALUES (170, 18, 'Dr. Jasper Stark Jr.', 'Ab sed veniam dolorum. Exercitationem et rerum eligendi voluptatem reprehenderit magnam est. Quos iste ipsum ut et. Eos neque id qui dolore magnam et facere.', 2, '2018-07-29 10:18:21', '2018-07-29 10:18:21');
INSERT INTO `reviews` VALUES (171, 24, 'Darron Schultz', 'Accusamus commodi aut commodi. Rem est in enim vitae beatae et. Provident aut rem ipsa adipisci voluptatem. Nihil et aut sit omnis.', 1, '2018-07-29 10:18:21', '2018-07-29 10:18:21');
INSERT INTO `reviews` VALUES (172, 28, 'Julian Lueilwitz', 'Tenetur natus necessitatibus molestiae placeat sunt. Assumenda eum delectus nemo enim optio suscipit nulla. Unde harum vitae dolor temporibus numquam omnis eius.', 3, '2018-07-29 10:18:21', '2018-07-29 10:18:21');
INSERT INTO `reviews` VALUES (173, 46, 'Miss Crystel McKenzie', 'Laborum impedit rerum et architecto aspernatur aut. Quod fugit molestias iusto nesciunt distinctio. Laborum non ut unde hic quos fuga.', 5, '2018-07-29 10:18:21', '2018-07-29 10:18:21');
INSERT INTO `reviews` VALUES (174, 34, 'Dr. Antonio Kertzmann', 'Nisi accusamus explicabo consequatur delectus placeat velit. Ex molestiae rem sint suscipit enim ipsum.', 1, '2018-07-29 10:18:21', '2018-07-29 10:18:21');
INSERT INTO `reviews` VALUES (175, 43, 'Marilou Nicolas', 'Illo voluptas dolor amet totam voluptatibus aliquam est. Blanditiis totam ex sed ut voluptatum quos dolore. Eum sunt vero ducimus adipisci voluptatem.', 4, '2018-07-29 10:18:21', '2018-07-29 10:18:21');
INSERT INTO `reviews` VALUES (176, 4, 'Prof. Cristopher Pfeffer', 'Corrupti ut ipsa nam repudiandae exercitationem. Exercitationem officia neque porro rerum. Illo nihil aut autem dolorem.', 2, '2018-07-29 10:18:21', '2018-07-29 10:18:21');
INSERT INTO `reviews` VALUES (177, 42, 'Ophelia Wisozk', 'Laboriosam quis perspiciatis repellat impedit ut. Ipsa velit ipsa molestiae laboriosam.', 4, '2018-07-29 10:18:21', '2018-07-29 10:18:21');
INSERT INTO `reviews` VALUES (178, 20, 'Mr. Moshe Jones V', 'Dolor soluta ipsa sit repudiandae consequatur. Animi minima suscipit quia natus occaecati nulla nisi.', 1, '2018-07-29 10:18:21', '2018-07-29 10:18:21');
INSERT INTO `reviews` VALUES (179, 45, 'Giuseppe Thiel', 'Omnis architecto aut quos accusamus fugiat pariatur ea praesentium. Id nostrum sit ut minus optio et animi. Neque praesentium ut iste aspernatur vero saepe praesentium.', 3, '2018-07-29 10:18:21', '2018-07-29 10:18:21');
INSERT INTO `reviews` VALUES (180, 38, 'Cheyenne Osinski', 'Incidunt soluta nulla dolorum excepturi. Sequi sed eveniet esse numquam nihil.', 4, '2018-07-29 10:18:21', '2018-07-29 10:18:21');
INSERT INTO `reviews` VALUES (181, 10, 'Prof. Kennedi Parker', 'Explicabo iste sed libero unde dolor aliquam. Sunt facere laudantium consequatur ut minima molestiae officia. In dignissimos illum dolore qui beatae sunt voluptatem aperiam.', 4, '2018-07-29 10:18:21', '2018-07-29 10:18:21');
INSERT INTO `reviews` VALUES (182, 19, 'Miss Rebeka Schamberger', 'Non voluptatem doloremque est dolores dolore fugit minus. Unde aut molestiae aut voluptatem officiis. Animi deleniti nulla a enim dolorem quod. Aut voluptate explicabo numquam suscipit veritatis omnis.', 2, '2018-07-29 10:18:21', '2018-07-29 10:18:21');
INSERT INTO `reviews` VALUES (183, 39, 'Mrs. Cora Kohler II', 'Nam voluptates voluptas quis aspernatur fugiat minus animi. Placeat aut quae qui ducimus corrupti magnam. Quas ipsum est soluta laborum soluta. A harum amet molestias sit.', 2, '2018-07-29 10:18:21', '2018-07-29 10:18:21');
INSERT INTO `reviews` VALUES (184, 27, 'Dr. Alfonzo Schoen', 'Cumque voluptatem velit harum quia ut. Illo dolor cumque qui voluptas esse fugit. Perspiciatis aperiam nemo est quo voluptatem vel. Vero et voluptas omnis culpa rerum quas facilis.', 0, '2018-07-29 10:18:21', '2018-07-29 10:18:21');
INSERT INTO `reviews` VALUES (185, 18, 'Luisa Quitzon', 'Magni eligendi rerum tenetur sunt. Veniam enim et labore totam id quia fugit eius. Qui sunt quas maiores dicta minus quia.', 4, '2018-07-29 10:18:21', '2018-07-29 10:18:21');
INSERT INTO `reviews` VALUES (186, 40, 'Weldon Hill', 'Id pariatur ut fuga consequuntur voluptas tempore. Officia explicabo est fugiat vero dolor rerum suscipit. Fugit veniam qui impedit.', 1, '2018-07-29 10:18:21', '2018-07-29 10:18:21');
INSERT INTO `reviews` VALUES (187, 36, 'Mr. Trent Waelchi', 'Ex sequi molestias quae. Accusantium perspiciatis doloremque quasi corporis. Quo ea sed adipisci cum similique debitis nemo.', 0, '2018-07-29 10:18:21', '2018-07-29 10:18:21');
INSERT INTO `reviews` VALUES (188, 4, 'Orland Waelchi', 'Eum quasi ut esse ipsum ullam dolorem quasi fugiat. Ut voluptas dolor aut et dolores dolore eius. Eligendi tenetur minima nulla veritatis consequatur. Sapiente voluptates reiciendis voluptates aspernatur quaerat veritatis sint.', 3, '2018-07-29 10:18:21', '2018-07-29 10:18:21');
INSERT INTO `reviews` VALUES (189, 9, 'Vaughn Brekke', 'Et itaque hic reiciendis non ea voluptatem culpa ducimus. Voluptatem sunt incidunt impedit saepe sit quaerat reprehenderit. Autem molestias tempore magni quia id repellendus. Id et totam consequatur quibusdam sunt ex enim. Deleniti aut est suscipit.', 5, '2018-07-29 10:18:21', '2018-07-29 10:18:21');
INSERT INTO `reviews` VALUES (190, 30, 'Mr. Lavern Powlowski III', 'Eum alias fugit eaque accusantium. Aut qui voluptate et quam. Sed et dolore debitis id ea. Rerum fugiat velit corrupti est.', 4, '2018-07-29 10:18:21', '2018-07-29 10:18:21');
INSERT INTO `reviews` VALUES (191, 28, 'Kareem Bergstrom', 'Itaque quos nihil et rem recusandae culpa. Quam molestiae quaerat enim modi sequi laboriosam. Distinctio quo maiores sunt ad in accusamus.', 3, '2018-07-29 10:18:21', '2018-07-29 10:18:21');
INSERT INTO `reviews` VALUES (192, 42, 'Alana Terry III', 'Ut quibusdam doloribus facere in voluptatum est. Amet est sed omnis officia optio at. Reprehenderit culpa vero fugit distinctio non quibusdam.', 2, '2018-07-29 10:18:21', '2018-07-29 10:18:21');
INSERT INTO `reviews` VALUES (193, 10, 'Mrs. Paula Heathcote II', 'Beatae nam suscipit aliquid voluptatem officia sit. Molestias aliquam nihil aut deleniti ipsum voluptas laboriosam. Pariatur consequatur laborum aut excepturi autem. Autem pariatur voluptatem laborum consectetur illum.', 2, '2018-07-29 10:18:21', '2018-07-29 10:18:21');
INSERT INTO `reviews` VALUES (194, 45, 'Jarrett Kub', 'Dolorum accusantium porro consequatur dicta voluptas voluptates. Dolorem sit porro expedita dicta voluptas voluptatem.', 2, '2018-07-29 10:18:21', '2018-07-29 10:18:21');
INSERT INTO `reviews` VALUES (195, 44, 'Dr. Neva Rolfson', 'Similique esse similique laborum et consectetur cum sit. Harum ullam itaque dolor error. Optio dolorem quae id et sequi blanditiis.', 4, '2018-07-29 10:18:21', '2018-07-29 10:18:21');
INSERT INTO `reviews` VALUES (196, 13, 'Dr. Tyra Hills', 'Fugit voluptas modi doloribus in. Quo est ipsa autem nesciunt. Impedit voluptatibus sit occaecati quaerat eos ex.', 1, '2018-07-29 10:18:21', '2018-07-29 10:18:21');
INSERT INTO `reviews` VALUES (197, 39, 'Eldridge Hessel', 'Laboriosam ab doloremque maiores quibusdam ex harum molestiae vel. Vel repellendus eveniet ab consequatur quia. Animi quibusdam consectetur praesentium maxime quia. Sunt ex dolores est at consequuntur.', 3, '2018-07-29 10:18:21', '2018-07-29 10:18:21');
INSERT INTO `reviews` VALUES (198, 45, 'Erich Lakin', 'Deserunt magni exercitationem non quam qui qui. Ab quidem assumenda ut ea ut. Odio aut est ut consequatur est eos qui. Assumenda molestiae adipisci id tempore culpa.', 3, '2018-07-29 10:18:21', '2018-07-29 10:18:21');
INSERT INTO `reviews` VALUES (199, 31, 'Mrs. Bianka Sanford', 'Accusantium modi quas facere quis laudantium beatae. Consequatur illo deleniti doloribus expedita aperiam. Inventore vel ipsa deleniti et expedita dicta minima fugit. Sunt voluptas omnis possimus sequi.', 5, '2018-07-29 10:18:21', '2018-07-29 10:18:21');
INSERT INTO `reviews` VALUES (200, 7, 'Michaela Fahey II', 'Et dicta modi et laboriosam autem suscipit. Nemo vitae aut alias eum quis. Numquam ut ducimus id atque sit ut. Porro voluptatem reprehenderit modi molestias sunt officiis eos perferendis.', 0, '2018-07-29 10:18:21', '2018-07-29 10:18:21');
INSERT INTO `reviews` VALUES (201, 11, 'Maci Mayert', 'Nesciunt dolorum animi et. Quis omnis voluptatum rerum maxime facere exercitationem quia. Est mollitia soluta quos sapiente laboriosam mollitia dolores.', 3, '2018-07-29 10:18:21', '2018-07-29 10:18:21');
INSERT INTO `reviews` VALUES (202, 13, 'Prof. Vern Heidenreich Jr.', 'Eaque praesentium culpa soluta. Ipsum consectetur quia neque eligendi voluptatum sint et. Sequi veniam ut aliquid ab. Nulla eius quia mollitia deleniti vero voluptatem corporis.', 4, '2018-07-29 10:18:21', '2018-07-29 10:18:21');
INSERT INTO `reviews` VALUES (203, 17, 'Ms. Serena Jast', 'Expedita asperiores dolorum voluptate veritatis. Possimus qui ut quia quas placeat et. Placeat optio iusto quisquam. Velit dolores vel corporis distinctio.', 4, '2018-07-29 10:18:21', '2018-07-29 10:18:21');
INSERT INTO `reviews` VALUES (204, 39, 'Ulises Murphy', 'Sed optio veniam et temporibus ab non et saepe. Temporibus dolorum sed laudantium suscipit sed et omnis. Fugit et illo vitae. Quia et non distinctio aut dolores dolore et. Corporis itaque commodi cumque corporis quae molestiae expedita.', 3, '2018-07-29 10:18:21', '2018-07-29 10:18:21');
INSERT INTO `reviews` VALUES (205, 12, 'Marlon Smitham', 'Ipsum voluptate sed est ab libero mollitia quo sed. Est quas aut cumque doloremque nam molestiae. Tenetur consequatur voluptatem eos neque est quod. Sint alias minus eum odio aut occaecati porro. Nisi quis facere ut odit voluptatem eum.', 3, '2018-07-29 10:18:21', '2018-07-29 10:18:21');
INSERT INTO `reviews` VALUES (206, 14, 'Miss Margret Ebert', 'Numquam temporibus soluta blanditiis ut aut adipisci. Modi facilis laborum deserunt laudantium saepe ullam et temporibus. Eum exercitationem praesentium vel provident. Enim qui qui ea magni.', 3, '2018-07-29 10:18:21', '2018-07-29 10:18:21');
INSERT INTO `reviews` VALUES (207, 47, 'Mrs. Aurelie Hermann', 'Quia impedit est reiciendis repellendus consequatur totam. Magnam et qui molestias sint praesentium ab.', 3, '2018-07-29 10:18:21', '2018-07-29 10:18:21');
INSERT INTO `reviews` VALUES (208, 37, 'Lavern Block', 'Molestiae aliquam id fugit molestiae fuga incidunt. Vitae mollitia porro omnis est esse. Et doloremque porro necessitatibus. Voluptas sint qui reprehenderit eum.', 5, '2018-07-29 10:18:21', '2018-07-29 10:18:21');
INSERT INTO `reviews` VALUES (209, 12, 'Jaeden Bartell', 'Aut qui consequatur aut autem debitis quam recusandae. Tempora eos aspernatur fugiat iure.', 3, '2018-07-29 10:18:21', '2018-07-29 10:18:21');
INSERT INTO `reviews` VALUES (210, 33, 'Jodie Runolfsdottir', 'Necessitatibus molestiae quam quas sapiente officiis et. Sunt nemo est dicta molestiae itaque libero reprehenderit ipsa.', 2, '2018-07-29 10:18:21', '2018-07-29 10:18:21');
INSERT INTO `reviews` VALUES (211, 7, 'Miss Connie Kuhn III', 'Id dolorum et accusantium id. Illo a similique eius qui.', 3, '2018-07-29 10:18:21', '2018-07-29 10:18:21');
INSERT INTO `reviews` VALUES (212, 18, 'Mr. Giuseppe Monahan', 'Est incidunt ipsam ut dolor ut quaerat distinctio. Neque necessitatibus necessitatibus dolor iure repellendus.', 5, '2018-07-29 10:18:21', '2018-07-29 10:18:21');
INSERT INTO `reviews` VALUES (213, 13, 'Alexanne Brekke V', 'Alias a et molestiae natus. Odit eaque voluptatem est dolor quibusdam libero ex nulla. Praesentium quo totam et est incidunt officia sapiente.', 0, '2018-07-29 10:18:21', '2018-07-29 10:18:21');
INSERT INTO `reviews` VALUES (214, 1, 'Roy Renner', 'Doloribus ea quibusdam cupiditate natus. Accusantium consequatur ducimus praesentium dignissimos fugiat natus magni. Nihil dolores hic et et sed perspiciatis dignissimos repudiandae.', 4, '2018-07-29 10:18:21', '2018-07-29 10:18:21');
INSERT INTO `reviews` VALUES (215, 47, 'Name Zboncak', 'In officiis natus sint perferendis. Quas qui est harum rerum eos. Distinctio fuga cumque molestiae delectus sint distinctio qui.', 5, '2018-07-29 10:18:21', '2018-07-29 10:18:21');
INSERT INTO `reviews` VALUES (216, 23, 'Jailyn Brekke', 'Error quo sunt officia at consequatur. Voluptatem explicabo quo hic assumenda. Repellendus vero doloribus velit ab.', 0, '2018-07-29 10:18:21', '2018-07-29 10:18:21');
INSERT INTO `reviews` VALUES (217, 9, 'Prof. Glenda Schmidt', 'Assumenda quod omnis consequatur earum sit natus aut. Numquam sint nam praesentium rem sed atque. Non qui quam expedita ullam est omnis. Autem sint dolorum veniam animi debitis eum. Ut id ipsa ex illum molestias repudiandae excepturi.', 4, '2018-07-29 10:18:21', '2018-07-29 10:18:21');
INSERT INTO `reviews` VALUES (218, 29, 'Jocelyn Rosenbaum', 'Voluptatem exercitationem sit rem ad tempore. In praesentium dolorem rem eum voluptatem sapiente eos. Et accusantium corporis ex non consectetur vero. Ut amet iste et vitae illum hic aliquam.', 5, '2018-07-29 10:18:21', '2018-07-29 10:18:21');
INSERT INTO `reviews` VALUES (219, 1, 'Wilhelmine Yost', 'Quasi eos eos non ratione velit. Unde est qui sunt perspiciatis. Doloribus qui eos ratione consequatur eveniet consequatur.', 1, '2018-07-29 10:18:21', '2018-07-29 10:18:21');
INSERT INTO `reviews` VALUES (220, 10, 'Gavin Bernier', 'Velit tenetur et quas qui similique voluptatem. Hic accusamus adipisci iste porro repellat. Non voluptas quis tempore cumque. Voluptas natus culpa consectetur quia sed.', 1, '2018-07-29 10:18:21', '2018-07-29 10:18:21');
INSERT INTO `reviews` VALUES (221, 48, 'Richie Carter', 'Ut officiis unde nihil dolore voluptatem totam quos. Eaque mollitia sapiente nisi vitae adipisci est. Amet sed totam itaque odio velit ducimus eos. Modi veniam autem sunt omnis.', 1, '2018-07-29 10:18:21', '2018-07-29 10:18:21');
INSERT INTO `reviews` VALUES (222, 2, 'Dante Kohler', 'Error sed cum modi commodi ut architecto dolorem. Quis aut quia dignissimos doloremque. Temporibus est dolorem quisquam odit.', 1, '2018-07-29 10:18:21', '2018-07-29 10:18:21');
INSERT INTO `reviews` VALUES (223, 6, 'Mrs. Dasia Donnelly II', 'Suscipit eum qui ut quo ut exercitationem. Quibusdam consectetur modi molestias velit voluptatibus eveniet. Sed accusamus mollitia ex eveniet quaerat ducimus sint. Autem et accusantium rerum culpa et nemo enim suscipit.', 5, '2018-07-29 10:18:21', '2018-07-29 10:18:21');
INSERT INTO `reviews` VALUES (224, 46, 'Conner Gorczany', 'Tenetur et aut corporis et molestias doloremque rerum. Voluptatibus eligendi voluptatum dolores ut exercitationem ut fugit.', 2, '2018-07-29 10:18:21', '2018-07-29 10:18:21');
INSERT INTO `reviews` VALUES (225, 30, 'Colby Brown', 'Nisi dolorum est quo. Numquam dolorem aperiam nam aliquam est. Optio et id libero perspiciatis.', 2, '2018-07-29 10:18:21', '2018-07-29 10:18:21');
INSERT INTO `reviews` VALUES (226, 42, 'Alisha Mills', 'Porro voluptates et rerum quas veniam dicta. Odit a enim dicta est aut blanditiis. Autem ab architecto quis facilis ex temporibus consequuntur. Quo quis quia doloribus aperiam perferendis doloribus quia.', 5, '2018-07-29 10:18:21', '2018-07-29 10:18:21');
INSERT INTO `reviews` VALUES (227, 22, 'Madisyn Tillman', 'Omnis saepe labore velit aut nulla quo est nobis. Omnis ea sit quisquam et quae. Quae dignissimos dolor rerum voluptas doloremque.', 2, '2018-07-29 10:18:21', '2018-07-29 10:18:21');
INSERT INTO `reviews` VALUES (228, 25, 'Abagail Fisher', 'Reiciendis totam rerum sint fuga eius nemo velit dolor. Eum velit quibusdam ducimus possimus doloribus aut. Qui perferendis perspiciatis quaerat consequuntur adipisci consectetur quidem ut. Dicta nesciunt et vitae perspiciatis.', 0, '2018-07-29 10:18:21', '2018-07-29 10:18:21');
INSERT INTO `reviews` VALUES (229, 5, 'Ms. Krystal Aufderhar IV', 'Animi in consequatur dolorem quidem similique voluptatum velit. Recusandae rerum autem alias. Veritatis modi inventore dolorem dolore.', 4, '2018-07-29 10:18:21', '2018-07-29 10:18:21');
INSERT INTO `reviews` VALUES (230, 8, 'Prof. Cora Lockman', 'Consequatur voluptas numquam amet consequatur est nihil eveniet. Ad unde eum ducimus odit laudantium sit dolore tempora. Nihil illo quos rerum in voluptas ut. Sint aliquid nihil rem at praesentium.', 3, '2018-07-29 10:18:21', '2018-07-29 10:18:21');
INSERT INTO `reviews` VALUES (231, 3, 'Aurelie Nienow Sr.', 'Nihil consequatur voluptatem est. Dolores repellat aut dolorem fugit consequatur dolore. Exercitationem assumenda dolores at magni consequuntur. Corrupti cum corrupti ut.', 4, '2018-07-29 10:18:21', '2018-07-29 10:18:21');
INSERT INTO `reviews` VALUES (232, 46, 'Seth DuBuque V', 'Ratione velit expedita quis omnis. Perferendis sit id laudantium voluptatem sunt ut. Laborum aspernatur impedit ut magni.', 4, '2018-07-29 10:18:21', '2018-07-29 10:18:21');
INSERT INTO `reviews` VALUES (233, 50, 'Claude McLaughlin', 'Exercitationem cumque est suscipit quas omnis magnam pariatur. Voluptatibus corrupti occaecati quibusdam est nemo maiores et. Dolor consequatur eum quam commodi.', 4, '2018-07-29 10:18:21', '2018-07-29 10:18:21');
INSERT INTO `reviews` VALUES (234, 8, 'Alexys Blick', 'Quidem quidem ex tempore sit occaecati. Veniam dolore ipsa accusantium doloribus hic. Nihil provident optio dolores veritatis sint. Voluptate qui nobis atque.', 2, '2018-07-29 10:18:21', '2018-07-29 10:18:21');
INSERT INTO `reviews` VALUES (235, 35, 'Sabina Stracke V', 'Natus iusto unde nesciunt ratione similique aperiam inventore vel. Ad assumenda aut mollitia eum nostrum ut. Aut autem omnis aut. Placeat officiis aperiam sint non nobis.', 3, '2018-07-29 10:18:21', '2018-07-29 10:18:21');
INSERT INTO `reviews` VALUES (236, 9, 'Ewald Larson IV', 'Sint est dolore necessitatibus suscipit et quis. Cupiditate omnis nobis officia reiciendis iure quibusdam laborum. Earum earum eum voluptates temporibus id. Tenetur molestias ut ut aspernatur.', 4, '2018-07-29 10:18:21', '2018-07-29 10:18:21');
INSERT INTO `reviews` VALUES (237, 36, 'Dr. Rocio Reichel DVM', 'Sequi animi autem et nulla saepe. Dolores aut et sequi ipsa et consequatur autem. Aperiam eveniet eum et molestiae.', 2, '2018-07-29 10:18:21', '2018-07-29 10:18:21');
INSERT INTO `reviews` VALUES (238, 9, 'Fabian Goldner', 'Dolor eos et aut aperiam voluptas illo. Qui et ab vel est amet illo ea. Ratione et voluptatem impedit voluptas. Fugit quia dolorem totam nam.', 1, '2018-07-29 10:18:21', '2018-07-29 10:18:21');
INSERT INTO `reviews` VALUES (239, 32, 'Prof. Terrill Weimann', 'Velit omnis ut impedit totam. Aut est eveniet sit est explicabo. Cupiditate laborum maiores aut ipsa sit blanditiis quibusdam aliquid. Qui est velit ipsa animi.', 4, '2018-07-29 10:18:21', '2018-07-29 10:18:21');
INSERT INTO `reviews` VALUES (240, 24, 'Prof. Tatum Murazik I', 'Quas quibusdam repellendus veniam inventore aut. Nihil reprehenderit et consequatur quod omnis. Dolorum accusantium esse laboriosam saepe maiores qui.', 2, '2018-07-29 10:18:21', '2018-07-29 10:18:21');
INSERT INTO `reviews` VALUES (241, 21, 'Prof. Kelley White', 'In architecto suscipit nesciunt occaecati ratione. Voluptatem voluptas non placeat iure ut nam incidunt. Voluptatem voluptatibus quam vel fugit provident. Sit at ut placeat officiis sed eius eos.', 2, '2018-07-29 10:18:21', '2018-07-29 10:18:21');
INSERT INTO `reviews` VALUES (242, 22, 'Ulices Davis', 'Molestias laudantium beatae eligendi. Eum laboriosam rerum et id quia repudiandae vel. Voluptates quos quidem ut in dolorem eum. Dignissimos dolores eius deserunt est.', 1, '2018-07-29 10:18:21', '2018-07-29 10:18:21');
INSERT INTO `reviews` VALUES (243, 21, 'Nella Douglas', 'Voluptatem magnam reprehenderit maxime. Exercitationem eum eos fugiat rem voluptas. Eius quaerat ut vitae iure veritatis culpa nisi.', 3, '2018-07-29 10:18:21', '2018-07-29 10:18:21');
INSERT INTO `reviews` VALUES (244, 14, 'Prof. Elijah Strosin', 'In qui nam fugiat numquam ut reprehenderit. Magnam hic cum eum architecto vel minus totam. Ut id magnam a neque rerum suscipit consequatur. Sequi maiores maiores corrupti.', 0, '2018-07-29 10:18:21', '2018-07-29 10:18:21');
INSERT INTO `reviews` VALUES (245, 24, 'Dr. Percival Lesch', 'Autem quas ex inventore voluptatibus perspiciatis officia occaecati. Voluptates aut veniam et laudantium. Aut dignissimos quidem corrupti.', 2, '2018-07-29 10:18:21', '2018-07-29 10:18:21');
INSERT INTO `reviews` VALUES (246, 23, 'Pietro Rohan DVM', 'Ab eum repellat quam aliquid eos. Dolorem aut tenetur voluptatibus consequuntur autem voluptas. Quo sed aliquid qui animi sit sed id qui.', 1, '2018-07-29 10:18:21', '2018-07-29 10:18:21');
INSERT INTO `reviews` VALUES (247, 12, 'Daphne Abbott', 'Consequatur non animi aut quis sed. Eveniet et aspernatur sint esse facilis. Distinctio non commodi minus et consectetur. Esse eos tenetur praesentium quis minima possimus.', 4, '2018-07-29 10:18:21', '2018-07-29 10:18:21');
INSERT INTO `reviews` VALUES (248, 50, 'Leif Spinka', 'Hic non odit possimus voluptatem commodi. Temporibus at error et fugit qui. Accusamus cupiditate dolorem neque nam.', 5, '2018-07-29 10:18:21', '2018-07-29 10:18:21');
INSERT INTO `reviews` VALUES (249, 21, 'Roel Rippin', 'Explicabo qui vel et. In dicta ea ipsam quam quod atque. Voluptatum expedita sit est minus.', 1, '2018-07-29 10:18:21', '2018-07-29 10:18:21');
INSERT INTO `reviews` VALUES (250, 6, 'Fidel Muller', 'Nisi natus vel repudiandae. Alias laboriosam consequatur quo. In neque ea quod ut.', 3, '2018-07-29 10:18:21', '2018-07-29 10:18:21');
INSERT INTO `reviews` VALUES (251, 28, 'Derrick Anderson', 'Non omnis laboriosam ea minima possimus. Quisquam et consequatur dignissimos repellendus fugiat non fugit cumque. Quae aut et ut magni optio reiciendis vel officia. At omnis autem nisi illum odit itaque ea.', 4, '2018-07-29 10:18:21', '2018-07-29 10:18:21');
INSERT INTO `reviews` VALUES (252, 19, 'Dr. Eladio Treutel II', 'Et neque at rem consequatur eligendi. Sit magni eum laudantium magni at est eum. Libero dolores sapiente harum et perferendis et libero.', 3, '2018-07-29 10:18:21', '2018-07-29 10:18:21');
INSERT INTO `reviews` VALUES (253, 26, 'Elliott Dibbert', 'Sed molestiae magnam omnis et repellendus soluta. Ut qui maiores tenetur suscipit deserunt voluptate. Sit deleniti illum accusamus natus quos commodi libero. Qui est recusandae tenetur adipisci accusantium ad. Quidem asperiores id et consectetur.', 0, '2018-07-29 10:18:21', '2018-07-29 10:18:21');
INSERT INTO `reviews` VALUES (254, 21, 'Andre Kirlin', 'In illo ipsam minus hic laudantium eveniet. Aliquid ut ut magnam molestiae a aut dolores. Aspernatur rerum delectus odit placeat. Officia ipsam laudantium distinctio molestias.', 2, '2018-07-29 10:18:21', '2018-07-29 10:18:21');
INSERT INTO `reviews` VALUES (255, 11, 'Dr. Hillard Reichert II', 'Necessitatibus consequatur reiciendis dicta illum facere. Tempore quis id debitis velit libero ipsa nihil. Consequuntur dignissimos vel reiciendis alias ab. Eos incidunt voluptatum nulla et saepe aut voluptas. Et excepturi est vel provident rerum est excepturi.', 0, '2018-07-29 10:18:21', '2018-07-29 10:18:21');
INSERT INTO `reviews` VALUES (256, 39, 'Mrs. Christa Howe', 'Ut voluptatem rerum ut molestiae sit numquam. Quae ut sit amet numquam voluptatibus. Voluptatem saepe quo voluptate eum repellendus deleniti debitis provident. Voluptas temporibus doloribus molestiae et autem laudantium repudiandae.', 0, '2018-07-29 10:18:21', '2018-07-29 10:18:21');
INSERT INTO `reviews` VALUES (257, 43, 'Prof. Hillard Orn III', 'Molestias adipisci iure nisi eum velit consectetur molestiae delectus. Delectus id nostrum facere sed. Nemo consequuntur vel delectus aperiam. Voluptatem velit aut deserunt enim saepe.', 1, '2018-07-29 10:18:21', '2018-07-29 10:18:21');
INSERT INTO `reviews` VALUES (258, 23, 'Alisha Emmerich', 'Autem et sit deserunt eum. Est aut quo aut repellat culpa sint ducimus.', 0, '2018-07-29 10:18:21', '2018-07-29 10:18:21');
INSERT INTO `reviews` VALUES (259, 2, 'Ms. Viola Bernhard', 'Repellat aliquam accusantium illum hic a. Aut at harum deserunt soluta officiis. Itaque quam consequuntur quas ut sapiente aliquam. Omnis consequuntur explicabo quo vitae.', 0, '2018-07-29 10:18:21', '2018-07-29 10:18:21');
INSERT INTO `reviews` VALUES (260, 41, 'Mr. Emerson Windler', 'Est accusantium alias quasi dolorum quos omnis quae. Qui ex ea ab mollitia. Possimus nihil voluptatem inventore eum voluptas aut et tempora. A vel corporis nesciunt consequatur eos dolorem soluta corrupti.', 3, '2018-07-29 10:18:21', '2018-07-29 10:18:21');
INSERT INTO `reviews` VALUES (261, 5, 'Alison Larson DVM', 'Non possimus enim quidem distinctio sit. Debitis ea minima commodi qui sed dolorem et. Blanditiis dolorem repellat vitae aliquid corrupti nisi cupiditate explicabo. Est ipsum et possimus qui amet officiis dolor.', 2, '2018-07-29 10:18:21', '2018-07-29 10:18:21');
INSERT INTO `reviews` VALUES (262, 10, 'Chesley Jenkins', 'Sunt quae voluptatum est quod id. Ea ratione molestiae ut id magni aut. Officiis est sit eos quia cupiditate quas.', 5, '2018-07-29 10:18:21', '2018-07-29 10:18:21');
INSERT INTO `reviews` VALUES (263, 30, 'Dr. Savanna Crooks DVM', 'Vitae blanditiis excepturi voluptatem qui enim quia quo fuga. Id et soluta a laborum in ratione. Itaque ducimus voluptatum explicabo distinctio. Omnis similique et assumenda reprehenderit aut voluptate facilis.', 1, '2018-07-29 10:18:21', '2018-07-29 10:18:21');
INSERT INTO `reviews` VALUES (264, 12, 'Talia Von', 'Qui inventore qui neque. Qui hic hic modi et. Eveniet impedit provident aut magni nulla mollitia culpa. Dolorem et rerum dolores id consequuntur animi quia qui.', 0, '2018-07-29 10:18:21', '2018-07-29 10:18:21');
INSERT INTO `reviews` VALUES (265, 34, 'Miss Ebba Monahan PhD', 'A cumque voluptatibus iusto laborum. Non cumque nihil vel qui. Atque ut blanditiis eligendi quae ea perferendis.', 3, '2018-07-29 10:18:21', '2018-07-29 10:18:21');
INSERT INTO `reviews` VALUES (266, 40, 'Walker Jones', 'Beatae qui voluptatibus impedit a id et enim. Voluptatem officia et aut sequi. Nihil est esse vitae inventore aliquam architecto sed officiis. Exercitationem soluta error fugiat qui nihil rerum praesentium.', 5, '2018-07-29 10:18:21', '2018-07-29 10:18:21');
INSERT INTO `reviews` VALUES (267, 18, 'Elijah Murray', 'Dolores minima ut nisi magni sequi voluptatem ab. Dolor at quia sapiente. Magni aliquam aut consectetur molestias vel inventore. Incidunt harum fuga beatae. Facilis molestiae asperiores ab ut qui officiis delectus.', 2, '2018-07-29 10:18:21', '2018-07-29 10:18:21');
INSERT INTO `reviews` VALUES (268, 18, 'Dorothy Homenick', 'Et quaerat sint vero. Vel voluptatem laudantium quod dolores eius. Eaque quia iusto corporis excepturi beatae aliquam. Mollitia eveniet consequuntur voluptatem commodi quibusdam corporis sit odit.', 3, '2018-07-29 10:18:21', '2018-07-29 10:18:21');
INSERT INTO `reviews` VALUES (269, 11, 'Devan Rau', 'Cumque quo voluptatem quia ut nemo exercitationem. Labore recusandae laudantium quia quia ab cum officiis. Eum veritatis suscipit veniam non. Dolores maiores delectus qui odit.', 1, '2018-07-29 10:18:21', '2018-07-29 10:18:21');
INSERT INTO `reviews` VALUES (270, 47, 'Dr. Eladio Legros PhD', 'Optio quae quidem nihil tempore explicabo et ea deserunt. Excepturi alias quae tempora minima et. Pariatur facere laudantium ratione occaecati suscipit beatae architecto.', 0, '2018-07-29 10:18:21', '2018-07-29 10:18:21');
INSERT INTO `reviews` VALUES (271, 34, 'Minerva Rempel', 'Sit facere neque velit saepe iure corrupti dolorum. Qui molestias dolores temporibus nisi recusandae qui. Laudantium voluptatibus quae libero natus possimus occaecati voluptas. Sint error id odit qui architecto minus qui.', 5, '2018-07-29 10:18:21', '2018-07-29 10:18:21');
INSERT INTO `reviews` VALUES (272, 35, 'Rashad Hudson', 'Enim veritatis atque omnis est. Molestias et id asperiores et ipsum. Natus dolore animi quam voluptates. Inventore aut a recusandae non dolor quia. Dolore quibusdam eius repellendus voluptate.', 0, '2018-07-29 10:18:21', '2018-07-29 10:18:21');
INSERT INTO `reviews` VALUES (273, 3, 'Keagan Wilkinson', 'Dolorem nihil inventore voluptates libero non. Iste et sunt maiores mollitia possimus. Ut quis iste animi voluptas eum.', 0, '2018-07-29 10:18:21', '2018-07-29 10:18:21');
INSERT INTO `reviews` VALUES (274, 47, 'Citlalli Daniel DDS', 'Ut sunt sint suscipit neque aperiam laudantium voluptatem voluptas. Itaque deserunt nesciunt autem dignissimos non quisquam consequatur. Repudiandae sed et voluptas est omnis dolorum fugit. Eius id quia aut enim et quos. Quasi fugit vel consequatur beatae.', 3, '2018-07-29 10:18:21', '2018-07-29 10:18:21');
INSERT INTO `reviews` VALUES (275, 11, 'Ms. Kaycee Quigley DDS', 'Aut praesentium maiores aliquid. Perspiciatis excepturi quia provident sunt laboriosam. Quo dolores et molestiae est laboriosam eum qui. A accusamus et quis est sequi. Eum esse est in architecto.', 1, '2018-07-29 10:18:21', '2018-07-29 10:18:21');
INSERT INTO `reviews` VALUES (276, 46, 'Caitlyn Hahn', 'Ut et accusantium consequatur eveniet. Labore sed qui minus sed minima. Ex voluptatem consequatur molestiae a libero. Enim sit voluptate voluptatem laboriosam adipisci sit nulla.', 1, '2018-07-29 10:18:21', '2018-07-29 10:18:21');
INSERT INTO `reviews` VALUES (277, 39, 'Dr. Kolby Lebsack', 'In ut illo omnis dignissimos enim voluptatem minima. Reprehenderit ex quidem sint qui voluptas. Non odio qui rerum natus.', 3, '2018-07-29 10:18:21', '2018-07-29 10:18:21');
INSERT INTO `reviews` VALUES (278, 12, 'Tanya Wiegand', 'Dolorum soluta suscipit provident expedita dolores ipsa. Laboriosam qui est quasi neque. Consequatur dolorem voluptates voluptate aut pariatur. Exercitationem sit necessitatibus rerum eum.', 0, '2018-07-29 10:18:21', '2018-07-29 10:18:21');
INSERT INTO `reviews` VALUES (279, 7, 'Eulalia Witting Jr.', 'Qui sit voluptate est unde soluta. Unde incidunt non provident sequi id ab qui fugiat. Voluptatem inventore vel incidunt ullam sit. Labore iusto in corporis est tenetur et quia.', 4, '2018-07-29 10:18:21', '2018-07-29 10:18:21');
INSERT INTO `reviews` VALUES (280, 13, 'Deanna Bins', 'Vel voluptatem delectus est. Excepturi mollitia porro qui quo consequatur laboriosam. Fugit tempore consequatur eligendi deserunt illum.', 5, '2018-07-29 10:18:21', '2018-07-29 10:18:21');
INSERT INTO `reviews` VALUES (281, 43, 'Dedrick Bailey', 'Iusto ut tempore alias possimus voluptatum sed fuga. Quibusdam consectetur autem optio nihil aut non consequatur. Animi sapiente ad quia esse. Corporis harum et exercitationem consectetur incidunt sed et.', 3, '2018-07-29 10:18:21', '2018-07-29 10:18:21');
INSERT INTO `reviews` VALUES (282, 20, 'Kayla Dach', 'Aliquid perspiciatis hic omnis est qui nesciunt. At sed molestiae laborum pariatur quas. Dolore officiis sint blanditiis voluptas consequatur quidem sit.', 2, '2018-07-29 10:18:21', '2018-07-29 10:18:21');
INSERT INTO `reviews` VALUES (283, 46, 'Bobbie Fahey', 'Veniam natus id ducimus dolor exercitationem. Quo dignissimos excepturi quam blanditiis repellat hic rem. Consequatur incidunt quaerat quis nulla.', 1, '2018-07-29 10:18:21', '2018-07-29 10:18:21');
INSERT INTO `reviews` VALUES (284, 29, 'Ashly White', 'Minus et ut excepturi quod. Minus et dolorem officia eveniet et. Sed est qui qui in nihil.', 0, '2018-07-29 10:18:21', '2018-07-29 10:18:21');
INSERT INTO `reviews` VALUES (285, 45, 'Elian Donnelly', 'Et est laudantium voluptates et voluptatem ad. Ratione qui possimus illo. Vero quos corporis dolorem praesentium adipisci ad. Expedita ut beatae quibusdam.', 0, '2018-07-29 10:18:21', '2018-07-29 10:18:21');
INSERT INTO `reviews` VALUES (286, 31, 'Dr. Christopher Schaden DDS', 'Similique dolorum eos tempore et repudiandae. Quia laboriosam velit et incidunt.', 5, '2018-07-29 10:18:21', '2018-07-29 10:18:21');
INSERT INTO `reviews` VALUES (287, 45, 'Tess Hintz', 'Magnam consequuntur voluptatem veritatis quo ut deleniti maxime quibusdam. In voluptatem atque voluptatem explicabo consectetur sed excepturi. Omnis culpa magni ut placeat ad eum ea perspiciatis. Esse exercitationem vero autem nisi. Enim amet perspiciatis tenetur fuga nulla aut.', 1, '2018-07-29 10:18:21', '2018-07-29 10:18:21');
INSERT INTO `reviews` VALUES (288, 38, 'Winnifred Schroeder IV', 'Aperiam dolorem molestias consequatur omnis. Error quisquam fuga voluptatem harum. Quae ratione aut eligendi dolorem sunt quos. Animi ipsum asperiores delectus qui odit.', 2, '2018-07-29 10:18:21', '2018-07-29 10:18:21');
INSERT INTO `reviews` VALUES (289, 46, 'Ernesto Ledner', 'Amet dolores rem quae dolores. Voluptatibus recusandae rerum nihil temporibus in eum mollitia eum. Saepe minus rerum distinctio est. Nisi quos animi dolorem facilis amet qui.', 0, '2018-07-29 10:18:21', '2018-07-29 10:18:21');
INSERT INTO `reviews` VALUES (290, 20, 'Dagmar Quigley', 'Mollitia reprehenderit accusamus praesentium culpa ea repellendus. Ut facilis voluptate nobis dicta alias cupiditate natus accusantium. Dolorem et facilis illo.', 4, '2018-07-29 10:18:21', '2018-07-29 10:18:21');
INSERT INTO `reviews` VALUES (291, 49, 'Euna Kunde', 'Et temporibus ut ut quia quae. Quaerat harum pariatur at corrupti voluptate iure. Eaque ut nemo iusto minus nisi nemo id. Accusamus eaque eos maxime numquam cumque commodi aut eum.', 2, '2018-07-29 10:18:21', '2018-07-29 10:18:21');
INSERT INTO `reviews` VALUES (292, 21, 'Dr. Braulio Harvey I', 'Ut eius eos temporibus voluptas qui expedita iure. Expedita est cum est. Soluta voluptatem velit dolores voluptatem est dolorum blanditiis. Illo autem provident est nam.', 0, '2018-07-29 10:18:21', '2018-07-29 10:18:21');
INSERT INTO `reviews` VALUES (293, 22, 'Dr. Skylar Olson', 'Pariatur maxime saepe aut omnis molestias ex. Nam qui qui debitis exercitationem. Et fugiat et et doloribus. Pariatur necessitatibus est laborum voluptas qui. Quo ut maxime voluptatem doloribus voluptas.', 3, '2018-07-29 10:18:21', '2018-07-29 10:18:21');
INSERT INTO `reviews` VALUES (294, 42, 'Dr. Junius Klocko Jr.', 'Ipsam fugiat reprehenderit autem quia quo. Culpa voluptates ut aliquid et explicabo cupiditate. Sit repellendus quis animi ea perferendis. Temporibus ad qui ut unde a velit.', 5, '2018-07-29 10:18:21', '2018-07-29 10:18:21');
INSERT INTO `reviews` VALUES (295, 16, 'Ethelyn Stamm', 'Incidunt sit non fugiat nulla possimus optio. Illum eius officia eius deleniti non. Nostrum deserunt itaque est ad nihil totam.', 4, '2018-07-29 10:18:21', '2018-07-29 10:18:21');
INSERT INTO `reviews` VALUES (296, 2, 'Dimitri Heaney', 'Reiciendis quia aspernatur nobis aliquid nihil non. Voluptate similique ducimus asperiores occaecati veniam consequatur expedita. Repudiandae rerum occaecati voluptatum nam labore hic.', 4, '2018-07-29 10:18:21', '2018-07-29 10:18:21');
INSERT INTO `reviews` VALUES (297, 33, 'Alexandre Barrows', 'Soluta alias ipsum voluptatem. Architecto ut et ut consequatur dolorem vitae facilis. Quis error voluptate porro. Ad saepe soluta dignissimos explicabo. Corporis hic est in possimus non vel.', 4, '2018-07-29 10:18:21', '2018-07-29 10:18:21');
INSERT INTO `reviews` VALUES (298, 20, 'Prof. Cielo Rau V', 'Optio doloremque asperiores velit mollitia autem maiores. Molestiae omnis nulla quibusdam aliquam accusantium delectus. Omnis reiciendis sint labore sint cum.', 0, '2018-07-29 10:18:21', '2018-07-29 10:18:21');
INSERT INTO `reviews` VALUES (299, 37, 'Aubrey McClure', 'Expedita est aperiam debitis voluptatum natus. Rerum excepturi voluptatem sint id est vitae. Voluptas ut sequi commodi excepturi corporis. Deserunt eveniet voluptatibus cum.', 1, '2018-07-29 10:18:21', '2018-07-29 10:18:21');
INSERT INTO `reviews` VALUES (300, 41, 'Brisa Casper', 'Quo aliquid ducimus nobis et eum expedita molestiae. Laboriosam quam maxime omnis. Ut mollitia ipsam excepturi expedita modi.', 0, '2018-07-29 10:18:21', '2018-07-29 10:18:21');

-- ----------------------------
-- Table structure for users
-- ----------------------------
DROP TABLE IF EXISTS `users`;
CREATE TABLE `users`  (
  `id` int(10) UNSIGNED NOT NULL AUTO_INCREMENT,
  `name` varchar(255) CHARACTER SET utf8 COLLATE utf8_turkish_ci NOT NULL,
  `email` varchar(255) CHARACTER SET utf8 COLLATE utf8_turkish_ci NOT NULL,
  `password` varchar(255) CHARACTER SET utf8 COLLATE utf8_turkish_ci NOT NULL,
  `remember_token` varchar(100) CHARACTER SET utf8 COLLATE utf8_turkish_ci NULL DEFAULT NULL,
  `created_at` timestamp(0) NULL DEFAULT NULL,
  `updated_at` timestamp(0) NULL DEFAULT NULL,
  PRIMARY KEY (`id`) USING BTREE,
  UNIQUE INDEX `users_email_unique`(`email`) USING BTREE
) ENGINE = InnoDB AUTO_INCREMENT = 1 CHARACTER SET = utf8 COLLATE = utf8_turkish_ci ROW_FORMAT = Compact;

SET FOREIGN_KEY_CHECKS = 1;
